time,rank,song_id,title,singers,album,date,genre,creator,lyric
2011.10.23~10.29,1,3565193,The Boys,소녀시대(GIRLS`GENERATION),`The Boys` The 3rd Album,2011.10.19,Dance,유영진,"겁이 나서 시작조차 안 해 봤다면   그댄 투덜대지 마라 좀  주저하면 기회는 모두 너를 비켜가   가슴 펴고 나와봐라 좀  Bring the boys out  Bring the boys out We bring the boys out We bring the boys out Bring the boys out  순리에 맞춰 사는 것  넌 길들여져 버렸니  괜찮니 get up  암담한 세상이 그댈 주눅들게   만드니 that's funny 괜찮니  그냥 볼 수가 없어 난  부딪히고 깨져도 몇 번이고 일어나  날카롭게 멋지게 일을 내고야   말던 네 야성을 보여줘   My boy Bring the boys out  Girls' generation make you feel the heat  전 세계가 너를 주목해  Bring the boys out  위풍도 당당하지 뼛속부터   넌 원래 멋졌어   You know the girls  Bring the boys out  흔들리지 말고 그댄 자릴 지켜   원래 전쟁 같은 삶을 사는 인간인걸  너는 왜 yes fly high  벌써 왜 you fly high 포기해  Oh 넌 멀었잖아 너의 집념을 보여줘 지구를 좀  흔들어줘 모두가 널 볼 수 있게 역사는 새롭게 쓰여지게 될 걸 주인공은 바로 너 바로 너 Bring the boys out Girls' generation make you feel the heat  전 세계가 너를 주목해 Bring the boys out 위풍도 당당하지 뼛속부터  넌 원래 멋졌어  You know the girls Bring the boys out Girls bring the boys out I wanna dance right now 내가 이끌어 줄게 come out 세상 남자들이여 난 No.1 지혜를 주는  Athena Check this out 즐겨봐라, 도전의 설레임  이미 모두 가진 세상의 남자 그대로 쭉 가는 거야 keep up Girls' generation, We don't stop Bring the boys out 막혀버렸던 미래가 안보였던  미래가 네 눈앞에 펼쳐져 점점 더 완벽한 네 모습에  마치 난 빨려들 것 같아 My heart 겁이 나서 시작조차 안 해 봤다면  그댄 투덜대지 마라 좀 Bring the boys out 주저하면 기회는 모두 너를 비켜가  가슴 펴고 나와 봐라 좀 Bring the boys out cause the girls bring the boys out Girls bring the boys out  Girls bring the boys out Girls bring the boys out Girls' generation make'em feel the heat 전 세계가 우릴 주목해 Bring the boys out 세상을 이끌 남자 멋진 여자들 여기 모여라  You know the girls Bring the boys out"
2011.10.23~10.29,2,3573326,사랑은 Move,시크릿,Moving In Secret,2011.10.18,Dance,"김기범,강지원",Come On Come On  Come On Come On  Come On Come On  Come On Come On  넌 아직 나를 몰라  얼마나 잘 나가는지  네가 쉽게 볼 여자가 아닌걸  No No No  사랑은 원래 지키는게 어려워  Love Love Love  아 정말 미치겠어 왜 졸졸 따라와  나쁜 사람 아니라며 따라와  No No No  근데 어떡해 가끔 나도 흔들려  love love love  있을 때 잘해 잘해 잘해  남잔 많아 많아 많아 오  넌 정말 몰라 한참을 몰라  너너너너너너너넌  사랑은 Move Move  사랑은 Move Move  방심하다간 도망가  긴장해 너 너 조심해 너 너   사랑은 움직이는 거야  Come On Come On  Come On Come On  왔다 갔다 왔다 갔다 흔들어 내 맘  Come On Come On  Come On Come On  이리저리 이리저리 흔들어 내 맘  달라도 너무 달라  매달릴 땐 언제고  영화보고 밥만 먹고 헤어져  No No No  노력이 없는 사랑이 난 지겨워  Love Love Love  있을 때 잘해 잘해 잘해  남자는 많아 많아 많아  넌 정말 몰라 한참을 몰라  너너너너너너너넌  사랑은 Move Move  사랑은 Move Move  방심하다간 도망가  긴장해 너 너 조심해 너 너  사랑은 움직이는 거야  Come On Come On  Come On Come On  왔다 갔다 왔다 갔다 흔들어 내 맘  Come On Come On  Come On Come On  이리저리 이리저리 흔들어 내 맘  Yeah C'mon Everybody  매일같이 바쁘다고 핑계만 대  사랑하는 여자한테 그럼 안돼  말로만 그친 게 날 갖고 즐긴 게  내 맘이 Shake It Shake It  Shake It Ma Boy  너 땜에 Oops Oops  너 땜에 Oops Oops  해도 해도 해 너무해   답답해 너 너 갑갑해 너 너  여자는 갈대 같은 거야  사랑은 Move Move  사랑은 Move Move  방심하다간 도망가  긴장해 너 너 조심해 너 너  사랑은 움직이는 거야  Come On Come On  Come On Come On  왔다 갔다 왔다 갔다 흔들어 내 맘  Come On Come On  Come On Come On  이리저리 이리저리 흔들어 내 맘  Come On
2011.10.23~10.29,3,3584075,나쁘다 (feat. 진실),Tablo,"열꽃, Part 1",2011.10.21,Rap / Hip-hop,Tablo,뭔가 달라졌대 모두 내가 변했대 참 정이 많았던 애가 언젠가 좀 차가워졌대 뭔가 달라졌대 모두 내가 변했대 참 정이 많았던 애가 언젠가 좀 차가워졌대 이젠 알 수가 없겠대 항상 웃었던 넌데 눈빛 표정 말투가 어두워졌고 무서워졌대 죽이고픈 기억 때문인지 내 마음에서 날 지워가면서 부질없는 착한 마음은 이 세상에선 결함이니까 어서 점점 나빠지고 싶나봐 사랑하면 닮아간다는 말처럼 이렇게 해서라도 너와 조금만 닮아지고 싶나봐 나쁘다 사랑은 참 나쁘다 숨 쉬는 이유가 되어버린 네가 내 숨을 막는다 Love is so bad bad bad bad bad 사랑은 알수록 나빠질 수밖에 없나봐 Love is so bad bad bad bad bad 사랑을 알게 되면 가슴이 아프게 돼 아는 만큼 나쁘게 돼 안내던 화가 나는 말 나답지가 않다는 말 나다운 게 뭔데 라고 말하면서 잘만 아는 말 내가 나를 못 봐 어둠속에 안겨 봐도 눈 감아 봐도 마음 편히 못 자 밤새도록 해매 한 모금조차 조금도 못 마시던 술이 고파 조바심에 취해서 새벽비가 쏟아지는 길에서 비틀거리며 시비를 걸며 좋은 말만 속삭이던 입에서 숨 쉬면 욕이 나와 불씨가 화가 되기 전엔 못 지나가 버릇처럼 거짓말하게 되고 사랑을 사랑이라는 이름으로 괴롭히잖아 나쁘다 사람은 참 나쁘다 눈뜨는 이유가 되어버린 네가 내 눈을 가린다 Love is so bad bad bad bad bad 사랑은 알수록 나빠질 수밖에 없나봐 Love is so bad bad bad bad bad 사랑을 알게 되면 가슴이 아프게 돼 나쁜 너 보다 나쁜 건 그런 너를 잊지 못해 망가지고 나빠지는 나 다른 사람에게 나빠지는 나 나쁜 너 보다 나쁜 건 그런 너를 잊지 못해 망가지고 나빠지는 나 다른 사람에게 나쁜 나 나쁘다 참 나쁘다 아프다 참 아프다 What we call love Love is a sickness Can I get a witness Love is a sickness Can I get a witness 나쁘다 참 나쁘다 아프다 참 아프다 What we call love Love is a sickness Can I get a witness Love is a sickness Love Love is so bad bad bad bad bad 사랑은 알수록 나빠질 수밖에 없나봐 Love is so bad bad bad 사랑을 알게 되면 가슴이 아프게 돼
2011.10.23~10.29,4,3565243,여우야,투개월,슈퍼스타K 3 Top11 Part 1,2011.10.03,Ballad,김광진,창 밖엔 서글픈 비만 내려오네  내 마음 너무 안타까워  이제 다시 볼 수가 없기에  처음 만났던 그날도 비가 왔어  우산도 없이 마냥 걸었었지  너의 눈빛 촉촉히 빛났지  이 밤 너에게 주고 픈 노래  너만을 사랑하고 있다는걸  들어 줄 사람도 없이 빗속으로  흩어지네 너의 이름을 불러 보지만  닿을 수 없다는 걸 알고 있어  긴 밤을 꼬박 세우고 빗속으로  어느새 새벽이 오고 있어  한때는 너를 만나서 행복했어  그런 꿈 속에 빠져 있었지만  이런 아픔 느낄 줄 몰랐어  이별을 느낄때면 난 생각해봐  우리 사랑을 위한 시간인걸  너는 이런 내 맘을 아는지  이 밤 너에게 주고 픈 노래  너만을 사랑하고 있다는걸  들어 줄 사람도 없이 빗속으로  흩어지네 너의 이름을 불러 보지만  닿을 수 없다는걸 알고 있어  긴 밤을 꼬박 세우고 빗속으로  어느새 새벽이 오고 있어  이 밤 너에게 주고 픈 노래 너만을 사랑하고 있다는걸 들어 줄 사람도 없이 빗속으로 흩어지네 너의 이름을 불러 보지만 닿을 수 없다는 걸 알고 있어 긴 밤을 꼬박 세우고 빗속으로 어느새 새벽이 오고 있어
2011.10.23~10.29,5,3573175,연애시대 (Feat. Ra.D) (Narr. 한효주),이승기,연애시대,2011.10.14,Ballad,"이승기,라디(Ra.D)",언제나 거침없던 내가 조금씩 눈치를 보고 있어 겉으론 관심 없는 척  차가운 도시의 남자인 척 애써 외면하고 낯설은 말투로  널 만나왔어 영화가 아니잖아 그 드라마의  그 남자가 아니잖아 이제 더 이상 내 맘과 다르게  널 대할 순 없어 네가 좋아 솔직한 내 맘 들어봐 줄래 우리 연애할까 나 오랫동안 솔로여서  연애가 서툴지 모르지만 네 전 남자친구보다 네가 만난 모든 남자보다 가장 널 사랑할게 우리 연애할까 내가 머뭇거리는 동안 너에게 쏟아지는 다른 남자들의 관심 가득한 눈빛 친절한 태도 난 정말 미치겠어 애써 외면할까 생각도 했지만 no 그럴 순 없어 남자가 아니잖아  이렇게 허무하게 돌아선다면 이제 더 이상 내 맘과 다르게  널 대할 순 없어 네가 좋아 솔직한 내 맘 들어봐 줄래 우리 연애할까 나 오랫동안 솔로여서  연애가 서툴지 모르지만 네 전 남자친구보다  네가 만난 모든 남자보다 가장 널 사랑할게 우리 연애할까 우리 연애할까 나 오랫동안 솔로여서  연애가 서툴지 모르지만 네 전 남자친구보다  네가 만난 모든 남자보다 가장 널 사랑할게 우리 키스할까 I love you 이런 달콤한 말 매일 해주고 싶은데  나 용기 있는 남자 되어 꼭 너를 가지고 싶은데  내 곁에 있어줄래 시간이 없거나 내 눈이 높아진 것만은 아닌 거 같아 오랫동안 홀로 누군지도 모를  한 여자의 포로가 되어 나를 기다려 왔어 지금 그게  너라고 말하고 있어 아까 했던 얘기 한 번 더 해도 될까 우리 키스할까 I love you 이런 달콤한 말 매일 해주고 싶은데  나 용기 있는 남자 되어 꼭 너를 가지고 싶은데  내 곁에 있어줄래 우리 연애할까
2011.10.23~10.29,6,3585793,그리워 그리워,노을,그리움,2011.10.26,Ballad,최규성,늦은저녁 하루를보내고 찬바람에 창문을 닫으니 아득하게 조용한 방에서 아주 작은 조명하나를 켜놓고 어둑해진 밖을 바라보니 문득 너무도 슬퍼지네 매일듣는 노래 LIST 엔 하나같이 다 우리얘기뿐 이별은 모두 다 같으니까  다시 조심스럽게 행복했던 날 아름답던 너를 그려보니 나도모르게 눈물이 나네 그리워 그리워 니가  너무나 그리워서 보고싶어서 잊고싶지않아서  잊을수가 없어서 못해준게 너무 많아서 더 그리워 너무나도 사랑했었기에 아름답게 우린 헤어졌어 현실안에 서로를 위해서 알아 어차피 우린 안될걸 누구보다 잘 알지만 왜이렇게도 눈물이 나는건지 그리워 그리워  니가 너무나 그리워서 보고 싶어서 잊고 싶지않아서  잊을 수가 없어서 못해준게 너무 많아서 그리워 그리워  니가 너무나 그리워서 보고싶어서 정말 널 잊고 싶지 않아서 널 다시 붙잡고 싶어서 지금 너무나 난 니가 그리워
2011.10.23~10.29,7,3565242,달의 몰락,울랄라세션,슈퍼스타K 3 Top11 Part 1,2011.10.03,Rock,김현철,나를 처음 만났을 때도   그녀는 나에게 말했지  탐스럽고 이쁜 저 이쁜 달 나랑 매일 만날 때에도   그녀는 나에게 말했어  탐스럽고 이쁜 달이 좋아  그녀가 좋아하던 저 달이   그녀가 사랑하던 저 달이 지네  달이 몰락하고 있네 나를 무참히 차 버릴 때도   그녀는 나에게 말했지  탐스럽고 이쁜 저 이쁜 달 나랑 완전히 끝난 후에도   누군가에게 또 말하겠지  탐스럽고 이쁜 달이 좋아  그녀가 좋아하던 저 달이   그녀가 사랑하던 저 달이 지네  달이 몰락하고 있네  그녀가 좋아하던 저 달이   그녀가 사랑하던 저 달이 지네  달이 몰락하고 있네 지네 달이 몰락하고 있네
2011.10.23~10.29,8,3565240,동경소녀,버스커버스커,슈퍼스타K 3 Top11 Part 1,2011.10.03,Rock,허승경,오랜만이야 정말 보고 싶었지만 내 하찮은 자존심이 허락안했어 헤어진후에 많이 달라진것같아 늘 해오던 긴머리가 네겐 어울려 니가 떠난후 빈자리가 너무나 컸었다고 말하고 싶은데 but I still love you 넌 왜 지금도 나를 자꾸만 나를 아프게 해 Oh My 지금도 너를 나만의 너를 I Still Love You 몇번씩이나 전화하려 했었지만 니 곁에선 그 사람이 맘에 걸렸어 느낄수 있어 이제 많이 편해보여 너 말없이 웃어주니 나는 서글퍼 너무 늦었나 보고싶다 내맘도 이제와서 부담일뿐이니 but I still love you 넌 왜 지금도 나를 자꾸만 나를 아프게 해 Oh My 지금도 너를 나만의 너를 I Still Love You 넌 왜 지금도 나를 자꾸만 나를 아프게 해 Oh My 지금도 너를 나만의 너를 I Still Love You
2011.10.23~10.29,9,3574100,Airbag (feat. 나얼),Tablo,"열꽃, Part 1",2011.10.21,Rap / Hip-hop,Tablo,"I need an airbag  다가오는 거대한   슬픔에 부딪히기 전에  집에 가기 싫은 밤이면 택시 기사   아저씨가 빠른 길만 피해가   라디오에선 말 많은 디제이가   쉽게 웃어주는 게스트와   노래는 틀지 않지  대화가 길어져  평상시엔 듣기 싫어서   주파수를 돌려 달라 했겠지만  뭐 듣고 싶은 노래도 없는데  계속 떠들게 내 생각 음소거를 해  알 수 없는 말에 폭소가 이어지고  굳은 표정이었던 기사 아저씨도   함께 웃는 것을 보니   요즘 뜨는 유행어인가봐  어쩌면 나만 섬인가봐  끝내 누군가의 신청곡이 소개돼  한 때 참 좋아했던 슬픈 노래  저 사람도 혼자 있을까  긴 하루가 잠시 잠드는 곳에  I need an airbag  다가오는 거대한 슬픔에 부딪히기 전에  I need an airbag  피하기엔 너무 늦었어  요즘은 정리할 일도 많아   잘 취하지도 않아  그렇다고 술자리를 피하지도 않아  혼자 있기 싫은 걸까  아니면 눈에 띄게   혼자이고 싶은 걸까  내게 외로움은 당연해   과연 내 곁에 누군가 있다고 해서   나눠가질 내가 있을까  달기 싫은 물음표 다행히도 그때   크게 통화중인 목소리가 귀로 붙네   약속 잡힌 술 모임이 취소 됐나봐   전화를 끊고 뭔가 토라진 아저씨는   투덜대고 내 시선은 미터기 위에   삐뚤어지게 붙여놓은 가족사진   방황하게 되는 건 집이 없어서   혹은 갈 길이 없어서일까  갈 곳은 많아도 그 어디에도 나를   기다리는 사람이 없어서 일까  I need an airbag  다가오는 거대한 슬픔에  부딪히기 전에  I need an airbag  피하기엔 너무 늦었어  I guess I'm all alone again  I guess I'm all alone again  I guess I'm all alone again  Once again  I guess I'm all alone again  I guess I'm all alone again  I guess I'm all alone again  Once again  나 지금 위험해  나 지금 위험해  부딪치지 마  언제 오기 시작했는지  어느새 창밖을 보니  비가 내린지 한참이 된 듯이  빗물이 길 바닥에 고여  그 위에 비친 교통사고  전광판이 보여 이때 왜 잘살고 있을 네가 하필 기억이나 눈물이 고이는지 사망이란 단어 옆에 숫자 1이 어찌나 외롭게 보이는지 다가오는 거대한 슬픔에  부딪히기 전에 I need an airbag 피하기엔 너무 늦었어 네가 그리운 이 밤 비가 오고 미끄러지는 내 마음 I need you yes, I need you my airbag I guess I'm all alone again I guess I'm all alone again I guess I'm all alone again Once again I guess I'm all alone again I guess I'm all alone again I guess I'm all alone again Not again"
2011.10.23~10.29,10,3549031,Hello,허각,LIKE 1st MINI ALBUM `First Story`,2011.09.16,Ballad,"라도,최규성",우리 헤어지면 안되잖아 우리 이별하긴 이르잖아 이렇게 날 떠나가면 안돼요 내가 하지 못한 말들이  아직 너무 많은데 이대로 날 떠나가지 마세요 그대이기 때문에 난 정말 그대였기 때문에 난 이대로는 이대로는 난 안돼요 내가 살아가는 이유는  오직 그대뿐이죠  제발 나를 떠나가지 말아요 그대는 내 사랑 그리운  내 사랑 날 사랑했던 사람 이제는 만질 수 없지만 내가 그리운 만큼 그대도 그리운가요 내가 미칠 듯이 사랑했던 그 사람  hello  사랑했기 때문에 난 정말 사랑했기 때문에 난 죽을 만큼 죽을 만큼 힘드네요 죽지 못해 살아가고 있는  내가 보이나요 제발 내게 다시 돌아와줘요 그대는 내사랑 그리운 내사랑  날 사랑했던 사람 이제는 만질 수 없지만 내가 그리운 만큼 그대도 그리운가요 내가 미칠 듯이 사랑했던 그 사람 겨우 이대로 끝날 거라면 정말 마지막이라면 지금 돌아가  그때로 서로 몰랐던 그때로 너무 늦어버리면 너무 늦어버리면 내가 살아가는 게 너무 힘이 들어  날 버릴까 봐 정말 이대로 끝날 거라면 이게 마지막이라면 지금 돌아가 그때로  서로 몰랐던 그때로 너무 늦어버리면 너무 늦어버리면 내가 살아가는 게  너무 힘이 들어 날 버릴까 봐
2011.10.23~10.29,11,3570725,샹하이 로맨스 (上海之戀),오렌지캬라멜,샹하이 로맨스 (上海之戀),2011.10.13,Dance,희철(HEECHUL),빠졌나봐 빠졌나봐  Lovin' my boy  빠질거야 빠질거야   너의 맘도  오늘밤도 내일밤도   만날 My boy   백퍼센트는 아녀도  Baby Oh 내거 해줄거지 응  Baby Oh 보고 싶은 내 님아  Baby 샤샤샤  오 나의 샹하이 러브  자꾸자꾸 나타나  Baby 샤샤샤 대체 넌 뭐야  훌쩍훌쩍 날 울려  샤샤샤 내 맘 오늘도  두근두근 거리게  Baby 샤샤샤  오 나의 샹하이 러브  도도도도 도도해  비행기를 타고가야 만날텐데  만만치가 않아않아 울먹울먹  양쯔강을 건너건너 가고파도  돈이 없어 힘들어  Baby Oh 내거 해줄거지 응  Baby Oh 보고 싶은 내 님아  Baby 샤샤샤  오 나의 샹하이 러브  자꾸자꾸 나타나  Baby 샤샤샤 대체 넌 뭐야  훌쩍훌쩍 날 울려  샤샤샤 내 맘 오늘도  두근두근 거리게  Baby 샤샤샤  오 나의 샹하이 러브  도도도도 도도해  Hey 거기 수트 입은  샹하이 Boy 왜 내가 눈 떴을 땐 보이지 않는거야 아무 소리 없이 사라진 넌 나뻐 너는 내가 아마 처음 느낀 사랑일걸 꿈이지만 난 니거 아무리 보고파도 그게 잘 안돼 어떡해야 해 난 어떡해 잊어야 하나 봐 잊으려 노력해도 그게 잘 안돼 자꾸 나타나잖아  꿈에 보이잖아 샤샤샤 오 나의 샹하이 러브 자꾸자꾸 나타나 Baby 샤샤샤 대체 넌 뭐야 훌쩍훌쩍 날 울려 샤샤샤 내 맘 오늘도 두근두근 거리게 Baby 샤샤샤 오 나의 샹하이 러브 너무나도 도도해
2011.10.23~10.29,12,3570032,Open Arms (Journey) (Feat. 크리스티나),울랄라세션,슈퍼스타K 3 Top11 Part 2,2011.10.10,Ballad,JonathanCain,Lying besides you here in the dark feeling your heart beat with mine softly you whisper you're so sincere How could our love you so blind We sail on together we drifted apart and here you are by my sideOh now I come to you with open arms nothing to hide believe what I saySo here I am with open armshoping you seewhat your lovemeans to me open armsLiving without you living alonethis empty house seems so coldWanting to hold youwanting you nearhow much I wanted you homebut now that you've come backturned night into dayI need you to staySo now I come to youwith open armsnothing to hidebelieve what I saySo here I am with open armshoping you seewhat your love means to meOpen arms
2011.10.23~10.29,13,3557196,Sixth Sense,브라운아이드걸스,Sixth Sense,2011.09.23,Dance,"김이나,미료","Feel, Watch, P.L.U.S. Sixth Sense 길들여질수가 없어 나를 절대  don't touch touch rush it rush it 멀리서 봐도 너를 일으키는  내 눈 빛이 빛이 guilty guilty 목 마르는 네 얼굴엔  땀방울이 맺히고 날카로운 내 손끝엔  네 살점이 맺히고 the bubble in champagne 터지는 good pain no need to worry love is just a game Hit that high Pop pop Pop hoohoo 너와 내 사이를 가득 채울 뮤직 Pop pop Pop hoohoo 가빠진 숨 소리 그 이상의 뮤직 Pop Pop 내가 너와 나누고픈 이 감정은  more than emotion better than the love motion 니 맘대로 그 손 뻗지마라 그대로  sit sit 그렇지 그렇지 빈 틈을 줄 때까지 기다리다 그 때  kiss kiss frenchy frenchy 너 가지고 있는 촉을  좀 더 높이 세우고 저 차원을 넘어 오는 느낌에  널 맡기고 정글안에 갇힌두 마리 같이 no need to worry love is just a game Hit that high Pop pop Pop hoohoo 너와 내 사이를 가득 채울 뮤직 Pop pop Pop hoohoo 가빠진 숨 소리 그 이상의 뮤직 Pop Pop 내가 너와 나누고픈 이 감정은  more than emotion 네 비밀을 숨긴 꿈 속에 마치 난 무의식처럼 스며가 좀 더 자유로운 그 곳에 hey live it up right away huh 지금 내가 에스코트 하는 대로만  나를 따라 와봐 New World 짙은 경험할 수 있어  못 믿겠음 이걸 봐봐 Follow me uh Say my name 좀 더 louder You won't forget me Sing it to me, baby Follow me 그렇지 say my name Gracias Can you follow 이걸 듣고 나면 너는 못 잊을걸 다른 음악들은 이제 boring일걸 Raise arms  Halt and fire Pop pop Pop hoohoo 너와 내 사이를 가득 채울 뮤직 Pop pop Pop hoohoo 가빠진 숨 소리 그 이상의 뮤직 Pop Pop 내가 너와 나누고픈 이 감정은  more than emotion better than the love motion"
2011.10.23~10.29,14,3576490,Brown City,투개월,슈퍼스타K 3 Top11 Part 3,2011.10.17,Ballad,김태윤,"저문 햇살이 아직 꺼지기 전에 희미하게나마 사라질듯 남아 아직은 이 거리를 밝혀주는 지금 갈색 빛으로 물든 이 도시에 남아 이 거리에 남아 세상을 바라보며  걸어가네 카페 간판 위로 깜빡이는 불빛 바쁜 걸음으로 집에 가는 사람 극장 앞에 모인 연인들에 얼굴 거리 위엔 벌써 불을 밝힌 노점들 가로등이 켜지고  꺼진 불빛아래 켜진 달빛 아래 어둠을 밀어내듯 밝아오는 지금 골목길을 뛰노는 고동 빛에 물든  아이들의 얼굴 가만히 저 멀리서 바라보네 술집 불빛 아래 사람들의 웃음 저녁 장을 보는 시장 속의 풍경 한껏 멋을 부린 차를 타는 남자 아직 혼자 남아 일을 하는 사람까지 Life, I wanna feel my life Walking in the city,  living in the city lights I wanna feel my life Walking in the city,  living in the city lights 카페 간판 위로 깜빡이는 불빛 바쁜 걸음으로 집에 가는 사람 극장 앞에 모인 연인들에 얼굴 거리 위엔 벌써 불을 밝힌 노점들 술집 불빛 아래 사람들의 웃음 저녁 장을 보는 시장 속의 풍경 한껏 멋을 부린 차를 타는 남자 아직 혼자 남아 일을 하는 사람까지"
2011.10.23~10.29,15,3576488,미인,울랄라세션,슈퍼스타K 3 Top11 Part 3,2011.10.17,Dance,신중현,한 번 보고 두 번 보고  자꾸만 보고싶네  아름다운 그 모습을  자꾸만 보고싶네  그 누구나 한 번 보면  자꾸만 보고있네  그 누구의 애인인가  정말로 궁금하네  모두 사랑하네  나도 사랑하네  모두 사랑하네  나도 사랑하네  한 번 보고 두 번 보고  자꾸만 보고싶네  아름다운 그 모습을  자꾸만 보고싶네  나도 몰래 그 여인을  자꾸만 보고있네  한 번 보고 두 번 보고  임도 보고 뽕도 따고  요리보고 조리봐도 아  모두 사랑하네  나도 사랑하네  모두 사랑하네  나도 사랑하네  한 번 보고 두 번 보고 자꾸만 보고 자꾸만 보고 싶네 아름다운 그 모습을 자꾸만 보고 자꾸만 보고 있네
2011.10.23~10.29,16,3536905,안녕이라고 말하지마,다비치,Love Delight,2011.08.29,Ballad,전해성,떨리는 너의 입술을   난 난 처음 보았지  무슨 말 하려고 말 하려고   뜸만 들이는지  슬픈 예감은 다 맞는단   노래 가사처럼  설마 아니겠지 아닐꺼야   아니어야만 돼  벌써 넌 나를 떠나 니 마음마저   떠나 또 몸마저도 떠나는데  난 몰라 널 잡을 방법을 좀   누가 내게 말해줘요  오늘밤 그 말만은 말아요   왜 날 버리고 갔나요  나 마음이 아파 가슴이 아파   눈물 차올라요  아직은 안녕 우린 안돼요   넌 그 입을 더 열지마  안녕이라고 내게 말하지마  차가운 너의 한마디가 날 주저앉었지  세상 무너질 듯 무너진 듯   눈물만 눈물만  지금 순간이 가면 이 순간이   지나면 영영 우린 이별인데  사랑해 죽도록 사랑한 날  날 버리지 말아줘요 오늘밤 그 말만은 말아요  왜 날 버리고 갔나요 나 마음이 아파 가슴이 아파  눈물 차올라요 아직은 안녕 우린 안돼요  넌 그 입을 더 열지마 안녕이라고 내게 말하지마 이별이 뭔지 나는 몰라요  그냥 서럽고 서러워 나 사연이 많아 추억이 많아  가슴 찢어져요 아직은 안녕 우린 안돼요  넌 그 입을 더 열지마 안녕이라고 내게 말하지마  안녕이라고 내게 말하지마
2011.10.23~10.29,17,3568879,놈들이 온다,휘성(Realslow),놈들이 온다,2011.10.10,R&B / Soul,휘성(Realslow),I'm drownin' myself   in the memories of love  my heart is breakin'   with the thought of our lost love   I'm drownin' myself   in the memories of love  my heart is breakin'   with the thought of our lost love    LOVE 한순간에 눈이 맞았지  LOVE 불이 번져가듯 빨랐지  LOVE 우리는 사랑을 믿었지  그래 그땐 그랬었어  LOVE 처음 그 느낌이 좋았어  LOVE 그 걱정이 시작이었어  LOVE 뭔가 예전같지 않아서   우린 그게 너무 슬펐어  지독한 놈들이와 눈물과 이별이와   힘없이 틀림없이 당하고 말거야  잠깐이야 곧 지나가고 잊혀질거야   어린시절의 기억들 처럼  LOVE 마치 보란듯이 만나서  LOVE 끝을 향한 시작을 했어  LOVE 그건 사랑이 아니었어  그래 그게 문제 였어  LOVE 처음 부터 잘못이었어  LOVE 외로움의 시작이었어  LOVE 다시 돌이킬수 없는걸   우린 이미 너무 늦었어  지독한 놈들이와 눈물과 이별이와   힘없이 틀림없이 당하고 말거야  잠깐이야 곧 지나가고 잊혀질거야   어린시절의 기억들 처럼  I'm drownin' myself   in the memories of love  my heart is breakin'   with the thought of our lost love   I'm drownin' myself   in the memories of love  my heart is breakin'   with the thought of our lost love   인사처럼 마치 악수처럼   널 안고 손잡고 또 애써 웃지만  끝이란 걸 이미 알고있어   너와 난 지독한 놈들이야   모든걸 다 가져가   그만둬 내버려둬 외치고 싶지만  잘가란 말 한마디밖에   할 수 없잖아   다신 못 만날 사람들 처럼  LOVE LOVE LOVE
2011.10.23~10.29,18,3536906,사랑 사랑아,다비치,Love Delight,2011.08.29,Ballad,"김기범,강지원",오오오오오오 오오오오오오   오오오오오오오오  걸었어 그냥 걸었어   니 생각이 나 또 걸었어  길잃은 어린아이처럼   갈 곳을 몰라 눈물이 나  너와 내가 닮아간 기억  너와 내가 아팠던 기억   모두 소중해  주르르르륵 주르르르륵  눈물이 흘러 기억이 흘러   아직 너를 사랑하나봐  가지마 사랑 사랑 사랑 아아아아  제발 제발 가지마 아아아 눈물투성이 상처투성이   내 가슴은 어떡해  아파 아파 아파 가지마 사랑아  오오오오오오 오오오오오오   날 떠나 떠나 가지마  오오오오오오 오오오오오오   날 떠나 떠나 가지마  비오는 우울한 날에는   니가 생각나 눈물이 나  너와 내가 웃었던 기억  너와 내가 다퉜던 기억 모두 소중해  주르르르륵 주르르르륵  눈물이 흘러 기억이 흘러   아직 너를 사랑하나봐  가지마 사랑 사랑 사랑 아아아아  제발 제발 가지마 아아아 눈물투성이 상처투성이   내 가슴은 어떡해  아파 아파 아파   소리쳐 소리쳐 불러도   아무리 니 이름 불러도  대답없는 너 혼자 남겨진   난 난 어떡해 가지마 사랑 사랑 사랑 아아아아  제발 제발 가지마 아아아 눈물투성이 상처투성이   내 가슴은 어떡해  아파 아파 아파   가지마 사랑아
2011.10.23~10.29,19,3576486,정류장,버스커버스커,슈퍼스타K 3 Top11 Part 3,2011.10.17,Ballad,패닉,해질 무렵 바람도 몹시 불던 날 집에 돌아오는 길 버스 창가에 앉아 불어오는 바람 어쩌지도 못한채 난 그저 멍할뿐이였지 난 왜 이리 바본지 어리석은 지 모진 세상이란걸 아직 모르는 지 터지는 울음 입술 물어 삼키며 내려야지하고 일어설 때 저 멀리 가까워 오는 정류장 앞에 희미하게 일렁이는 언제부터 기다렸는지 알 수도 없는 발만 동동 구르고 있는 그댈 봤을때 나는 아무말도 못하고 그댈 안고서 그냥 눈물만 흘러 자꾸 눈물이 흘러 이대로 영원히 있을수만 있다면 오 그대여 그대여서 고마워요 낙엽이 뒹굴고 있는 정류장 앞에 희미하게 일렁이는 까치발 들고 내 얼굴 찾아 헤매는 내가 사준옷을 또 입고온 그댈 봤을때 나는 아무말도 못하고 그댈 안고서 그냥 눈물만 흘러 자꾸 눈물이 흘러 이대로 영원히 있을수만 있다면 오 그대여 그대여서 고마워요
2011.10.23~10.29,20,3561276,내가 이렇지 (Feat. 하동균),지아,Avancer,2011.09.30,Ballad,최갑원,벌써 약속 시간 지난지 몰랐어  내가 이렇지 뭐 하면서 더 서둘러  걸어서 갈 거리를 뛰어서 가다가  부딪힌 사람 헤어진 너 잖아 미치도록 운다 운다   참았던 눈물을 쏟아내고  어디쯤 있다가 왔냐고  어린 아이처럼 매달려 소리 쳐 니 손목을 끈다 끈다 이대로 놓치면 멀리 갈까 봐 손에 힘을 준다 달아 날까 봐 나를 만나 보니 나쁜 점 알겠다고 근데 좋은 점이 뭔지 모르겠다고 미안해 한 마디로 끝나고 말았어 그리고 지금 우연히 만났어 미치도록 운다 운다 참았던 눈물을 쏟아내고 어디쯤 있다가 왔냐고   어린아이처럼 매달려 소리쳐 니 손목을 끈다 끈다 이대로 놓치면 멀리 갈까봐 손에 힘을 준다 달아 날까봐 원래 그래 나란 여자가  이렇지 뭐 이렇지 뭐 쉽게 질리고 버려지고 기다리고 미치도록 운다 두 팔을 벌려  널 막고 조금만 더 있다 가라고  어린 아이처럼 매달려 소리쳐 니 손목을 끈다 끈다 이대로 놓치면 멀리 갈까봐 손에 힘을 준다 운다 운다 너 혼자만 둔다 둔다 아무 일 없듯이 멀어지고 한 번을 뒤돌아 안 보고 사랑한다 해도 그대로 사라져 비바람이 분다 분다 마지막 널 보는 내 눈 속에서 비바람이 분다 분다 분다 니가 다시 나를 떠나 버린다
2011.10.23~10.29,21,3570030,Poker Face (Lady GaGa),투개월,슈퍼스타K 3 Top11 Part 2,2011.10.10,Dance,"RedOne,LadyGaGa",I wanna hold em' like they do in Texas Plays Fold em' let em' hit me raise it baby stay with me Luck and intuition play the cards with Spades to start And after he's been hooked I'll play the one that's on his heart Oh oh oh oh ohhhh ohh oh e ohh oh oh I'll get him hot show him what I've got Oh oh oh oh ohhhh ohh oh e ohh oh oh I'll get him hot show him what I've got Can't read my Can't read my No he can't read my poker face she's got to love nobody Can't read my Can't read my No he can't read my poker face she's got to love nobody P p p poker face p p poker face P p p poker face p p poker face I wanna roll with him a hard pair we will be A little gambling is fun when you're with me Russian Roulette is not the same without a gun And baby when it's love if its not rough it isn't fun Oh oh oh oh ohhhh ohh oh e ohh oh oh I'll get him hot show him what I've got Oh oh oh oh ohhhh ohh oh e ohh oh oh I'll get him hot show him what I've got Can't read my Can't read my No he can't read my poker face she's got to love nobody Can't read my Can't read my No he can't read my poker face she's got to love nobody P p p poker face p p poker face P p p poker face p p poker face I won't tell you that I love you Kiss or hug you Cause I'm bluffin' with my muffin I'm not lying I'm just stunnin' with my love glue gunning Just like a chick in the casino Take your bank before I pay you out I promise this promise this Check this hand cause I'm marvelous Can't read my Can't read my No he can't read my poker face she's got to love nobody Can't read my Can't read my No he can't read my poker face she's got to love nobody Can't read my Can't read my No he can't read my poker face she's got to love nobody Can't read my Can't read my No he can't read my poker face she's got to love nobody P p p poker face p p poker face P p p poker face p p poker face P p p poker face p p poker face P p p poker face p p poker face
2011.10.23~10.29,22,3589429,친구잖아,이승기,Tonight,2011.10.27,Ballad,방시혁,울고 있는 네 어깨를 감싸려다  손을 내려놓고 말았어 친구잖아 친구잖아 친구잖아  난 어차피 너에게 난  그냥 좋은 친구잖아 너를 아프게 한다는 그 녀석을  찾아가 때리고 싶었지만 못하잖아 못하잖아 못하잖아 난  그래 봤자 너의 친구 이상은  난 안 되니까 너를 왈칵 안고 입술을 꼭 맞추고  놀라는 널 달래며 오 널 행복하게 할 사람은 나라고 말하고 싶지만 주먹을 꽉 쥐지만  결국엔 말 못해 난 오 난 비겁하게 내 가슴에 핑계를 대  친구잖아 뻔한 너의 거절이 난 무서워서  친구조차 못 할 것 같아서 사랑해 널 사랑해 널 사랑해 널 난 그 한마디 너에게 전하고 싶은  말을 숨겨 너를 왈칵 안고 입술을 꼭 맞추고  놀라는 널 달래며 오 널 행복하게 할 사람은 나라고 말하고 싶지만 주먹을 꽉 쥐지만  결국엔 말 못해 난 오 난 비겁하게 내 가슴에 핑계를 대 하루만 더 기다리면  나를 혹시 봐 주진 않을까 우는 너를 볼 때마다  가슴 터질 듯 열이 받아 울어 네가 아픈 만큼 내 맘도 아프지만  눈물을 삼키지 만 오 난 한걸음도 더는 네 곁에 못가 친구라는 말로 내 맘을 속이면서  바보처럼 울면서 계속 겉으로만 좋은 사람처럼 말해  친구잖아
2011.10.23~10.29,23,3527235,"TV를 껐네... (Feat. t윤미래, 권정열 Of 10cm)",리쌍,AsuRa BalBalTa,2011.08.25,Rap / Hip-hop,개리,"널 너무나 사랑해서 난 티비를 껐어 새빨간 니 입술 널 너무나 사랑해서 난 커텐을 쳤어 새빨간 니 입술 널 너무나 사랑해서 난 티비를 껐어 새빨간 니 입술 널 너무나 사랑해서 난 커텐을 쳤어 새빨간 니 입술  내 눈엔 그 어떤 선보다 아름다운 너의 몸매 검은 머리 너만의 향기에 나는 녹네 때론 몰래 응큼한 상상을해 그러다 욕심이 솟네 티비를 보다가도 거리를 걷다가도 시도때도 없이 난 너를 원해 못참아 어떻게 손만잡아 딱딱하게 말하지마 네가 날 딱딱하게 만들었잖아 널 너무 사랑해 내 모든 걸 다 주고 니 모든 걸 다 갖고싶어 더 가까이 널 안고싶어 내 몸을 적시고 엉덩이 토닥토닥 하고싶어  이 밤이 새도록 보여주고 싶어 어제와 또 다른 내 모습에 눈물까지 흘릴꺼야 이 밤이 새도록 보여주고 싶어 넌 너무 사랑스러워 언제나 나를 설레게 만들어 baby  널 너무나 사랑해서 난 티비를 껐어 새빨간 니 입술 널 너무나 사랑해서 난 커텐을 쳤어 새빨간 니 입술  더운데 갑자기 커텐을 왜 쳐 잘 보고 있는 티비는 또 왜꺼 그런 눈으로 왜 또 분위기 잡아 피곤해 피곤해 그냥 난 잘래 니 품에서 꿈꾸고 싶어 밤새 그만 좀 보채 오늘만 날이 아니잖아 좀 참아 착하지 내 남자 그냥 코 자자 삐지지말고 내 손을 잡아 어린애처럼 왜 또 등을 돌려  못말려 너란 남자 정말 웃겨 생각해볼게 어서 가서 불꺼  이대론 잠 못자요 넌 너무 아름다워 난 오늘 이 밤을 보내기엔 아쉬워요 오늘은 안된단 말 마요 그만 그만 그만  널 너무나 사랑해서 난 티비를 껐어 새빨간 니 입술 널 너무나 사랑해서 난 커텐을 쳤어 새빨간 니 입술 널 너무나 사랑해서 난 티비를 껐어 새빨간 니 입술 널 너무나 사랑해서 난 커텐을 쳤어 새빨간 니 입술  나를 설레게 만들어""&lt;&gt;"
2011.10.23~10.29,24,3588757,"Get It In (Feat. Tiger JK, 정인) (Korean Ver.)",윤미래,Get It In (The Creators Project),2011.10.27,Rap / Hip-hop,"타이거JK,윤미래,StyliztikJones","오늘 뉴스엔 또 슬픈 사진만  아무렇지 않은 듯 스쳐 지나가는  오늘밤은 잊어 다 It's Back To Work In The Morning It's On In It's On 외침 눈물샘을 자극하는  사진들 뭔가 말하는 알 수 없지만  느낄 수 있어 믿어봐  그 꿈을 그릴 수 있어 I remember we used to  be pretenders 몇몇 친구들은 낙오 돼 버렸어 거진 다와 쓰러져 넘어져  손을 내밀어 봤지만 잡지 못했어 바텐더 한잔 더 채워 푹 파인 내 맘속을 태워 내려  I know we lose sometimes or get injured  때로는 질 때 도 있지만 괜찮아  But the world keeps spinning  like a windmill Whatever happens keep it colder  than a wind-chill Until then just know we gone win still You just another dead bug  on my windshield, Splat 더 이상 외롭지 않은 곳에  못다 핀 꽃이 피는 곳에  Where Can I Go  난 그곳을 향해  I Go 오늘 밤 And we can get it in in,  Tell me where can I find I wanna go to a place that's mine all mine  Where can I go go go go  to a place place that's mine And we can get it in in,  Tell me where can I find I wanna go to a place that's mine all mine  Where can I go go go go  to a place place that's mine And We Can Get It In In In In And We Can Get It In In In In And We Can Get It In In In In And We Can Get It In In In In And We Can Get It 깊은 늪 같은 숲 같은  함정에 빠지지 끝날 때까지 끝까지  난 힘껏 달리지 뭔지 몰라도 Melodic 흐름에 맡기지  But We Can Hustle  And Party Until The Cows Come In 더 이상 외롭지 않은 곳에  못다 핀 꽃이 피는 곳에  Where Can I Go  난 그곳을 향해 I Go 오늘 밤 And we can get it in in,  Tell me where can I find I wanna go to a place  that's mine all mine Where can I go go go go  to a place place that's mine And we can get it in in,  Tell me where can I find I wanna go to a place  that's mine all mine Where can I go go go go  to a place place that's mine 오늘 뉴스엔 또 슬픈 사진만  아무렇지 않은 듯 스쳐 지나가는  오늘밤은 잊어 다 It's back to work in the morning It's on in It's on I don't speak your language I don't speak your language I don't speak your language I don't speak your language I don't speak your language I don't speak your language I don't speak your language And We Can Get It In In In In And We Can Get It In In In In And We Can Get It In In In In And We Can Get It In In In In And We Can Get It In In In In"
2011.10.23~10.29,25,3579341,MR.TAXI (Korean Ver.),소녀시대(GIRLS`GENERATION),`The Boys` The 3rd Album,2011.10.19,Dance,정혜영,"SEOUL 또, TOKYO LONDON, N.Y.  정신없이 내 맘대로 Drive tonight 상상 끝에 더 먼 세상에 New style  놀랄 거야 긴장해 자 이제 시작할까 만만히 볼 나라면 조심해 날 꽉  잡아 한번도 본적 없는  세상을 보여줄게 I'm so fast Mr. Taxi Taxi Taxi  지금 즉시 즉시 즉시 따라 올 수 있겠니 잡힐 듯 말듯 아슬 Mr. Taxi Taxi Taxi  지금 즉시 즉시 즉시 반짝반짝 빛나지 너도 몰래 빠져들어 난 그래 Supersonic n' hypertonic  기회는 지금뿐 U take me 짜릿해 Mr. Taxi Taxi Taxi  지금 즉시 즉시 즉시 Sorry 간단히 날 잡을 수는 없어 스치는 거리 불빛은 Shooting star  절대 난 멈출 수 없어 Baby Non-stop 엔진 소리만 뒤로 남겨 다시 보자  망설인 순간 Say good-bye 이렇게 저렇게 또 재고 또 재지마  두 번을 생각하면 그때는 넌 늦을 걸 I'm so sure Mr. Taxi Taxi Taxi  지금 즉시 즉시 즉시 따라 올 수 있겠니 Oops 잡힐 듯 말듯 아슬 Mr. Taxi Taxi Taxi  지금 즉시 즉시 즉시 반짝반짝 빛나지 너도 몰래 빠져들어 난 그래 Supersonic n' hypertonic  기회는 지금뿐 U take me 짜릿해 Mr. Taxi Taxi Taxi  지금 즉시 즉시 즉시 Sorry 간단히 날 잡을 수는 없어 1 2 3 here we go 상상보다 더 난 특별할 걸  알 수 없는 환상 같을 걸 꿈꿔오던 그대론데  왜 이리도 불안해 해 And I don't know why and I don't know why 끝이 없이 달릴래  I don't wanna say good bye Good bye Good bye Mr. Taxi Taxi Taxi 지금 즉시 즉시 즉시 따라 올 수 있겠니 Oops 잡힐 듯 말듯 아슬 Mr. Taxi Taxi Taxi 지금 즉시 즉시 즉시 반짝반짝 빛나지 너도 몰래 빠져들어 난 그래 Supersonic n' hypertonic  기회는 지금뿐 U take me 짜릿해 Mr. Taxi Taxi Taxi 지금 즉시 즉시 즉시 Sorry 간단히 날 잡을 수는 없어"
2011.10.23~10.29,26,3569458,사랑과 우정 사이 (With 김연우) (피노키오),김경호,[나는 가수다] 경연10-1. `듀엣곡 부르기`,2011.10.09,Ballad,오태호,머리를 쓸어 올리는 너의 모습 시간은 조금씩 우리를 갈라놓는데 어디서부턴지 무엇 때문인지 작은 너의 손을 잡기도 난 두려워 어차피 헤어짐을 아는 나에겐 우리의 만남이 짧아도 미련은 없네 누구도 널 대신 할 순 없지만 아닌 건 아닌 걸 미련일 뿐 멈추고 싶던 순간들 행복한 기억 그 무엇과도 바꿀 수가 없던 너를 이젠 나의 눈물과 바꿔야 하나 숨겨온 너의 진심을 알게 됐으니 사랑보다 먼 우정보다는 가까운 날 보는 너의 그 마음을 이젠 떠나리 내 자신보다 이 세상 그 누구보다 널 아끼던 내가 미워지네 멈추고 싶던 순간들 행복한 기억 그 무엇과도 바꿀 수가 없던 너를 이젠 나의 눈물과 바꿔야 하나 숨겨온 너의 진심을 알게 됐으니 사랑보다 먼 우정보다는 가까운 날 보는 너의 그 마음을 이젠 떠나리 내 자신보다 이 세상 그 누구보다 널 아끼던 내가 미워지네 연인도 아닌 그렇게 친구도 아닌 어색한 사이가 싫어져 나는 떠나리 우연보다도 짧았던 우리의 인연 그 안에서 나는 널 떠나리
2011.10.23~10.29,27,3538478,STEP,카라,KARA 3rd Album STEP,2011.09.06,Dance,송수윤,Step it up now 오 오 오 라라라라라라라라라라라라라라 라라라라라라라라라라라라라라 넘어지진 않을거야 슬픔아 안녕 친해지지 않을거야 눈물아 안녕 자신을 믿는거야 한숨은 그만 이깟 고민쯤은 웃으며 bye bye 또 한번 더 배웠어 I will never forget about U ye 커졌어 난 강하게 더 높게 오 예 예 예 예 Step it up step it up 다시 시작이야 또 템포를 올려서 앞질러 갈래 Just step it up step it up 다 보란듯이 크게 볼륨 높여 baby my bebe 라라라라라라라라라라라라라라 라라라라라라라라라라라라라라 내일은 새로울꺼야 기대를 높여 그게 사는 재미같아 근심은 날려 누구나 같을꺼야 기 죽지 않아 작은 걱정쯤은 웃으며 bye bye 난 강하게 더 높게 오 예 예 예 예 Step it up step it up 다시 시작이야 또 템포를 올려서 앞질러 갈래 Just step it up step it up 다 보란듯이 크게 볼륨 높여 baby my bebe 내 인생에 섣불리 get louder 나 좋으라고 그랬겠어 그랬겠어 one two one two step 모두 박자에 맞게 겁 낼 필요 없어 아니 울 것 없어 모두 같이 함께해 어지럽게 왜 쓸데없는 생각해 그러지 말고 우리 모두 다 Step it up now 절대 난 돌아보지 않겠어 앞만 보기도 시간은 짧아 Step it up step it up 다시 시작이야 또 템포를 올려서 앞질러 갈래 Just step it up step it up 다 보란듯이 크게 볼륨 높여 baby my bebe Step it up step it up 왜 섣불리 get louder 또 템포를 올려서 괜히 그랬겠어 그랬겠어 Just step it up step it up 다 보란듯이 크게 볼륨 높여 baby my bebe 라라라라라라라라라라라라라라 라라라라라라라라라라라라라라
2011.10.23~10.29,28,3521672,So Cool (쏘쿨),씨스타,So Cool,2011.08.09,Dance,용감한형제,"Are you Ready Sistar and Brave Sound We’re No.1 The illest collaboration Let's get it started I wanna rock I wanna rock I wanna rock Rock it like this Hey rock it rock it like this Sistar Rock it like this Hey rock it rock it like this Party time Rock it like this Hey rock it rock it like this Sistar Rock it like this Hey rock it rock it like this Party time 웃기고 앉아있네 무슨 사랑이 장난이니 왜 자꾸만 맘대로 하는데 네가 뭐 그리 잘났는데 내 맘 아프게 하니 헛소린 집어치울래 난 빌고 빌었어 네가 네가 불행하라고 속상해서 그땐 그땐 그땐 정말 그랬어 난 빌고 빌었어 네가 네가 망가지라고 It’s Party Time Party Time 돌아보니 웃음만 나와 I feel so cool cool cool 눈을 씻고 찾아봐도 Cool Cool Cool 나만한 Girl 없을걸 I feel so cool cool cool 여기저기 둘러봐도 Cool Cool Cool 나 같은 Girl 없을걸 yeah I feel so cool cool yeah I feel so e e e yeah I feel so cool cool yeah I feel so cool cool yeah I feel so e e e yeah I feel so cool cool  난 괘 괘 괘 괘 괜찮아 I'm so so cool like Ice-T 후회는 갖다 버려 priceless 세상의 반 반이 남자 너 때문에 나 나 울지않아 구차하게 너를 잡거나 매달릴 일은 절대 No Let you know, 1 thing straight Hot보다 무서운게 Cool Cool Cool 난 빌고 빌었어 네가 네가 불행하라고 속상해서 그땐 그땐 그땐 정말 그랬어 난 빌고 빌었어 네가 네가 망가지라고 It’s Party Time Party Time 돌아보니 웃음만 나와 I feel so cool cool cool 눈을 씻고 찾아봐도 Cool Cool Cool 나만한 Girl 없을걸 I feel so cool cool cool 여기저기 둘러봐도 Cool Cool Cool 나 같은 Girl 없을걸 yeah I feel so cool cool yeah I feel so e e e yeah I feel so cool cool yeah I feel so cool cool yeah I feel so e e e yeah I feel so cool cool 난 괘 괘 괘 괘 괜찮아 Sistar Ah High so cool we're cool uno dos tres cuatro Sistar Ah High so cool we're cool 넌 다시 돌아갈 일 없을걸 날 붙잡지마 Don't wanna be a fool 초라한 둘보다 화려한 솔로가 좋아 나 이제 더 쿨 해질거야 Rock it like this Hey rock it rock it like this Sistar Rock it like this Hey rock it rock it like this Party time Rock it like this Hey rock it rock it like this Sistar Rock it like this Hey rock it rock it like this"
2011.10.23~10.29,29,3585864,Lonely,크리스티나,슈퍼스타K 3 Top11 Part 4,2011.10.24,Ballad,TEDDY,지금 내가 하는 얘기  널 아프게 할지 몰라  아마 날 죽도록  미워하게 될 거야  내가 예전 같지 않다던 네 말  모두 틀린 말은 아니야  나도 변해버린  내가 낯 설기만해  너무 착한 넌데 넌 그대로인데  Oh I don't know I don't know  내가 왜 이러는지  그토록 사랑했는데  넌 여기 있는데  Oh I don't know  이제 날 찾고 싶어  Baby I'm sorry  너와 있어도 난 lonely  사랑하긴 내가 부족한가 봐  이런 못난 날 용서해  I'm sorry 이게 너와 나의 story  사랑이란 내겐 과분한가 봐  네 곁에 있어도  I'm so lonely lonely  lonely lonely lonely  Baby I'm so lonely lonely  lonely lonely lonely  Baby I'm so lonely lonely  lonely lonely lonely  Baby I'm so lonely lonely  lonely lonely lonely 네가 잘못한 게 아냐  내가 이상한 거야  이미 오래 전부터  난 준비 했나봐 이별을   정말 잘해주고 싶었는데  하필 사랑 앞에서는 왜  이렇게 한 없이  작아지고 외로운지  너무 착한 넌데 넌 그대로인데  Oh I don't know I don't know  내가 왜 이러는지  그토록 사랑했는데  넌 여기 있는데  Oh I don't know  이제 날 찾고 싶어  Baby I'm sorry  너와 있어도 난 lonely  사랑하긴 내가 부족한가 봐  이런 못난 날 용서해  I'm sorry 이게 너와 나의 story  사랑이란 내겐 과분한가 봐  네 곁에 있어도  I'm so lonely lonely  lonely lonely lonely  Baby I'm so lonely lonely  lonely lonely lonely  I'm so sorry   이게 너와 나의 story  사랑이란 내겐 과분한가 봐  네 곁에 있어도  I'm so lonely lonely  lonely lonely lonely  Baby I'm so lonely lonely  lonely lonely lonely  I'm so lonely  lonely lonely lonely  Baby I'm so lonely lonely  lonely lonely lonely  so lonely lonely
2011.10.23~10.29,30,3534943,회상 (Feat. 백지영),리쌍,AsuRa BalBalTa,2011.08.25,Rap / Hip-hop,개리,울 엄마가 나를 뱄을 때 앉아서 잠을 잤대 내 발길질 땜에 그렇게 난 뱃속에서부터 말썽을 피웠어 중학교 땐 반장 때려서 얼굴에 구멍이 났고 엄마는 무릎 꿇고 울었어 내 앞에서 밤새도록 그래서 그 뒤론 나는 싸움 안 해 깡패 될까봐 밖에 나갈 때마다 싸우지 말라고 내게 말해 커서 난 뭐가 될까 마우스 커서처럼 큰 세상을 나가지 못할까 걱정했지만 꿈을 꿨어 스물여섯 늦은 나이에 난 맘을 잡았어 젊은 날에 방황 가난 바람 같은 인생은 누구나 다 겪는 일이라며 나를 위로하며 매일 밤 꿈을 위해 난 글을 썼어 이렇게 살아온 인생  또 이렇게 살아갈 인생 변하지 않을 내 삶의 노래 노래 노래 오르락내리락 반복해 기쁨과 슬픔이 반복돼 사랑과 이별이 반복돼 내 삶은 돌고 도네 오르락내리락 반복해 기쁨과 슬픔이 반복돼 사랑과 이별이 반복돼 내 삶은 돌고 도네 생각보다 잘됐지 리쌍 1집 떠도는 집시처럼 지친 인생에 빛이 보이고 믿기 힘든 사랑이 내게 찾아왔어 그녈 위해 부를 수 있는 사랑 노래 리쌍부르스 내가 글을 쓴 후로 가장 아름다운 노래 하지만 그녀의 웨딩드레스는 결국 나를 위한 것이 아니었어 물론 내 잘못이 컸지만 어찌나 힘이 들던지 그날 밤 술을 펐지 난 이 젊은 날에 방황 가난 바람 같은 인생은 누구나 다 겪는 일이라며 나를 위로 했지만 아픔은 찾아왔어 음악으로 번 돈 전부 떼이고 나는 벚꽃처럼 잠시 피고 졌고 또다시 맨손으로 노를 젓고 이렇게 살아온 인생  또 이렇게 살아갈 인생 변하지 않을 내 삶의 노래 노래 노래 오르락내리락 반복해 기쁨과 슬픔이 반복돼 사랑과 이별이 반복돼 내 삶은 돌고 도네 오르락내리락 반복해 기쁨과 슬픔이 반복돼 사랑과 이별이 반복돼 내 삶은 돌고 도네 느지막이 시작한 방송생활이 날이 갈수록 재밌어 돈은 많이 벌진 못해도 사람 땜에 받은 상처 사람으로 다시 메꿔 될 때까지 노력하는 유재석 그 성실함을 배워 나를 다시 깨워 게으르게 했던 음악이  요즘 너무 재밌어 매일매일 내 정신은 깨있어 음악 관두겠다던 나를 매일 찾아왔던 매니저 최부장처럼 나는 다시 달리는 레이서 이 젊은 날에 방황 가난 바람 같은 인생은 누구나 다 겪는 일이라며 나를 위로했던 그때처럼 다 겪어 봤으니 꺾이지 않아 고통은 껌처럼 씹어 컴컴한 밤은 나를 다시 일으켜 나를 다시 일으켜 오르락내리락 반복해 기쁨과 슬픔이 반복돼 사랑과 이별이 반복돼 내 삶은 돌고 도네 오르락내리락 반복해 기쁨과 슬픔이 반복돼 사랑과 이별이 반복돼 내 삶은 돌고 도네
2011.10.23~10.29,31,3550136,난 좋아,성시경,처음,2011.09.15,Ballad,이미나,그 동안 어떻게 지냈니 물어보진 못했지 그저 어색한 안녕 참 반가웠던 너무 짧았던 인사가 끝나고 어렴풋한 미안함을 나는 보았어 괜찮아 괜찮아 지나간 일인걸 너를 보고도 웃지 못한 이유는 원망이 아냐 괜찮아 괜찮아 다만 묻고 싶어 너에게도 나는 따뜻한 기억일까 서로가 마지막이 되길 우린 약속했지만 그저 스쳐간 인연 주고 싶은 것 주지 못한 것 마음에 남아서 넌 떠나도 난 그곳에 고여 있었지 괜찮아 괜찮아 지나간 일인걸 너를 보고도 웃지 못한 이유는 원망이 아냐 괜찮아 괜찮아 다만 묻고 싶어 나로 인해 너도 조금은 울었을까 하고 싶은 말이 너무 많은데 이미 돌아선 너를 잡을 수 없어 괜찮아 이제는 지나간 일인걸 내가 감당한 외로움만큼 네가 편해졌다면 괜찮아 괜찮아 미안해 하지마 넌 내게 언제나 고마운 기억인걸 혹시 돌아오고 싶다면 지금이라도 난
2011.10.23~10.29,32,3558975,파라다이스 (Paradise),인피니트,`Paradise` (정규 1집 스페셜 리패키지),2011.09.26,Dance,"한재호,김승수,송수윤",삐끗 삐끗 고장 난 내 마음이라 이대로 보낼 순 없어 어쩌자고 흔들 흔들 위태로워 보여도 난 너를 잡아둘 수 밖에 없어 어쩌자고 사랑한다 그럴 꺼야 넌 안 한다 아닐 꺼야 넌 한다 너만 본다 여기 있어 더 더 부탁 할께 더 더  잘해 줄께 더 더 아직은 못 보내니까 난 난 살아야 해 난 난 버텨야 해  난 난 언젠간 멈출 테니까 니가 있어야만 여기가 paradise 억지로 너를 가둬 버린 paradise  오 오 깨어선 갈 수 없는 슬픈 paradise 영원히 함께 할 수 있는 paradise  오 오 오 숨 죽여서 지켜볼 수 밖에 난 그저 그럴 수 밖에 없어 깨질까 봐 나를 본다 그럴 꺼야 넌 안 본다 아닐꺼야 넌 본다 아파 온다 여기 있어 더 더 부탁 할께 더 더  잘해 줄께 더 더 아직은 못 보내니까 난 난 살아야 해 난 난 버텨야 해  난 난 언젠간 멈출 테니까 니 가 있어야만 여기가 paradise 억지로 너를 가둬 버린 paradise  오 오 깨어선 갈 수 없는 슬픈 paradise 영원히 함께 할 수 있는 paradise  오 오 오 매일 밤 너로 채웠던 나 그래  익숙해진 몸을 이젠 눈물로 채울 time 감아 왔던 팔 숨이 가파르던 밤  최고의 paradise  너 없인 hopeless world 조금만 널 더 더 잡아 둘께 더 더  바라 볼께 더 더 심장이 식을 때까지 난 난 살아야 해 난 난 너 없이도  난 난 지금은 니가 필요해 니가 있어야만 여기가 paradise 억지로 너를 가둬 버린 paradise  오 오 깨어선 갈 수 없는 슬픈 paradise 영원히 함께 할 수 있는 paradise  오 오 오
2011.10.23~10.29,33,3565173,짠해 (Cheerz),사이먼도미닉,Simon Dominic Presents `SNL LEAGUE BEGINS`,2011.10.07,Rap / Hip-hop,"사이먼도미닉,랍티미스트","it goes 1,2 난 비틀비틀 3,4 넌 빙글빙글 5,6 인생은 시들시들 7,8 우리는 징글징글 정신챙겨 마 친구야 니 기분 알어 잠에서 깰 때마다 마음은 불안정 다 견뎌내고 발품 팔기 바쁜 이 때 고달픈 너의 한풀이 들으면서 나도 한풀 꺾이는데 이런 고생이 주는 보답은 달리고 달려도 제자리인 마라톤을 뛴 소감은 야 야 이런 얘기해봤자 답없이 끝나는 거 잘 알잖아 자 자 니 인생도 기분도 한 잔에 말아드셔 하고픈 말이 있어도 혀가 말 안듣죠 내가 오늘 니 챙길게 밖에 택시 많어 계산 걱정하지마 나 오늘 캐시 많어 짠해 마 널 보니 내가 다 짠해 이렇게 또 언제 보겠노 빨리 한잔해 오늘 우리는 개보다는 코알라 코스프레 오늘 우리는 개보다는 코알라 코스프레 한 잔 두 잔 술술 넘어갈 때마다 꼬였던 날들이 풀리고 기분 끝내줘 눈이 풀리고 oh 한 잔 두 잔 슬슬 취해갈 때마다 이 놈의 인생이 다시 보이고 눈물 대신 침을 흘리고 oh say 짠해 hey 짠해 무슨 말이 더 필요하겠어 원샷 크으으으 say 짠해 hey 짠해 잔이 비었잖아 마 빨리 따라라라라라라라 say 짠해 hey 짠해 무슨 말이 더 필요하겠어 원샷 크으으으 say 짠해 hey 짠해 노래나 부르자고 크게 라라라라라라라라 에라 모르겠다 내일 일 가야 되는데 니 얘기 더 들어줄게 나는 젠틀맨 어머니 전화는 받어 걱정하시니까 오늘따라 유난히 니 상태는 시니컬 뭐 때문이야 뭐가 널 다운시켜 세상이 차가워질수록 넌 진땀 식혀 억울해마 없었잖아 세상에게 따진 적 용감한 술자리 이곳이 유일한 안식처 참으면 병 돼 임마 울어도 된다 친구끼리 뭐 부끄럽노 됐다 그간의 맘고생은 훌훌 털어버리시고 앞에 있는 잔을 비우자 털어 머리 위로 ho 한 잔 두 잔 술술 넘어갈 때마다 꼬였던 날들이 풀리고 기분 끝내줘 눈이 풀리고 oh 한 잔 두 잔 슬슬 취해갈 때마다 이 놈의 인생이 다시 보이고 눈물 대신 침을 흘리고 oh 자리에서 일어나기 전에 막잔 지겨운 이 세상에 대한 막잔 싫은 놈들 안주 삼아 또 막잔 맨날 막잔하자면서 끝이 안보이는 막잔 자리에서 일어나기 전에 막잔 지겨운 이 세상에 대한 막잔 싫은 놈들 안주 삼아 또 막잔 맨날 막잔하자면서 끝이 안보이는 막잔 한잔 두잔 술술 넘어갈 때마다 꼬였던 날들이 풀리고 기분 끝내줘 눈이 풀리고 oh 한잔 두잔 슬슬 취해갈 때마다 이 놈의 인생이 다시 보이고 눈물 대신 침을 흘리고 oh say 짠해 hey 짠해 무슨 말이 더 필요하겠어 원샷 크으으으 say 짠해 hey 짠해 잔이 비었잖아 마 빨리 따라라라라라라라 say 짠해 hey 짠해 무슨 말이 더 필요하겠어 원샷 크으으으 say 짠해 hey 짠해 노래나 부르자고 크게 라라라라라라라라"
2011.10.23~10.29,34,3585863,어쩌다 마주친 그대,버스커버스커,슈퍼스타K 3 Top11 Part 4,2011.10.24,Ballad,구창모,어쩌다 마주친 그대 모습에 내 마음을 빼앗겨 버렸네 어쩌다 마주친 그대 두 눈이 내 마음을 사로잡아 버렸네 그대에게 할말이 있는데 왜 이리 용기가 없을까 말을 하고 싶지만 자신이 없어 내 가슴만 두근두근 바보 바보 나는 바보 인가봐 피어나는 꽃처럼 아름다운 그녀가 내 마음을 빼앗아 버렸네 어쩌다 마주친 그대 두 눈이 내 마음을 사로잡아 버렸네 그대에게 할말이 있는데 왜 이리 용기가 없을까 말을 하고 싶지만 자신이 없어 내 가슴만 두근두근 바보 바보 나는 바보인가봐 그대여 우리 이제 바람이 되어 하고 싶던 말 모두 전해어주오 오 나도 모르게 다시 울렁이는 꽃 그대여 내게 모두 전해어주오 그대에게 할말이 있는데 왜 이리 용기가 없을까 말을 하고 싶지만 자신이 없어 내 가슴만 두근두근 바보 바보 나는 바보인가봐
2011.10.23~10.29,35,3538775,좋아보여 (Feat. 검정치마),버벌진트,Go Easy,2011.08.31,Rap / Hip-hop,버벌진트,강남대로 앞 신호대기중인 차  창문너머 보이는 너 무심코 인사  건넸지만 아차 우리는 헤어진 사이  딱 2초간 멍하니 쳐다보다  시선을 돌린다  추스린다 내 놀란 맘  지나가는 사람들  이상하게 쳐다본다 막  근데 있잖아 너도 날 보고  그 자리에 바위가 된 듯  굳은 채 가만 있네  정리하기로 결심했던  내 맘이 왜 휩쓸리고 흔들리고  날 못 살게 하는데  신호 바뀌네 이제 나 출발해야돼  지나갈게 잘가 너 잘 지내야 돼  좋아보여 잘 지내나봐  hairstyle도 바꿨네 역시 태가 나  예쁜 얼굴이니 뭘 해도 어울리지  정말로 걱정 많이 했어  나 솔직히 아플까봐 힘이 들까봐  나보다 훨씬 많이 슬플까봐  근데 좋아보여 내가 바보였나봐  좋아 보여 내가 바보였나봐  네가 혹여 이별 못 견딜까봐  걱정했는데  이렇게 우연히  막상 너를 보니까 내 맘 놓여  시선이 다시 돌아가  인파 속에서 널 찾아냈지  근데 네 곁의 새 남자  그 때 내게 얘기했던  바로 그 사람인가봐  그 땐 불행하길 바랬지만  지금은 달라 행복해야돼  알지 진심인 거 그도 알겠지  네가 특별한 감성을 지닌 거  페달을 밟고 가야하는데  왜 나는 발이 움직이지 않을까  페달을 밟고 가야하는데  왜 나는발이 움직이지 않을까  페달을 밟고 가야하는데  왜 난 움직일 수 없을까  좋아보여 잘 지내나봐  hairstyle도 바꿨네 역시 태가 나  예쁜 얼굴이니 뭘 해도 어울리지  정말로 걱정 많이 했어  나 솔직히 아플까봐 힘이 들까봐  나보다 훨씬 많이 슬플까봐  근데 좋아보여 내가 바보였나봐 green light is on  so it's time to go  하지만 갈 수 없어 널 그냥 두고  경적소리가 들려  sayin' I gotta move  하지만 이게 마지막인 것 같다구  green light is on so it's time to go 하지만 갈 수 없어 널 그냥 두고 경적소리가 들려 sayin' I gotta move 하지만 이게 마지막인 것 같다구 좋아보여 잘 지내나봐 hairstyle도 바꿨네 역시 태가 나 예쁜 얼굴이니 뭘 해도 어울리지 정말로 걱정 많이 했어 나 솔직히 아플까봐 힘이 들까봐 나보다 훨씬 많이 슬플까봐 근데 좋아보여 내가 바보였나봐 좋아보여
2011.10.23~10.29,36,3572627,사랑이라 쓰고 아픔이라 부른다,이영현,박근태 Black Label 3,2011.10.13,Ballad,,사랑해서는 안돼 다가가서도 안돼 다른 사람 곁에 있는 너니까 귀를 막아버리고 눈을 감아버리고 내 마음을 모두 가둬버렸어 바보 같은 내 맘 망가져도 괜찮아 너 하나만 행복할 수 있다면 근데 혹시라도 그녀와 헤어지기를 못된 기대 점점 커져가는데 가슴 터질 것 같아  더는 참을 수 없어 니가 너무 보고 싶어 oh baby 숨이 차오르게 거릴 헤매다 어느새 너의 집 앞까지 온 거야 잠깐 보고만 갈게  몰래 지켜만 볼게 근데 자꾸 눈물이나 oh baby 고장 난 눈물이 멈추지 않아  너의 모습 볼 수 도 없게 바보 같은 내 맘 망가져도 괜찮아 너 하나만 행복할 수 있다면 근데 혹시라도 그녀와 헤어지기를 못된 기대 점점 커져가는데 가슴 터질 것 같아  더는 참을 수 없어 니가 너무 보고 싶어 oh baby 숨이 차오르게 거릴 헤매다 어느새 너의 집 앞까지 온 거야 잠깐 보고만 갈게  몰래 지켜만 볼게 근데 자꾸 눈물이나 oh baby 고장 난 눈물이 멈추지 않아  너의 모습 볼 수 도 없게 너를 처음 만난 순간으로 돌아간다면 그냥 모르는 척 지나 칠 거야 매일 기도해봐도 돌아갈 수 없어  이젠 어떻해 사랑 기쁜 거라며 사랑 좋은 거라며 누가 거짓말을 했어 oh baby 아픔과 사랑이 같은 말인 걸  내 눈물이 말하고 있어 내 눈물이 말하고 있어
2011.10.23~10.29,37,3436083,끝사랑,김범수,Solista Part.2,2011.06.16,Ballad,윤사라,내가 이렇게 아픈데  그댄 어떨까요 원래 떠나는 사람이  더 힘든 법인데 아무 말하지 말아요  그대 마음 알아요 간신히 참고 있는 날  울게 하지 마요 이별은 시간을 멈추게 하니까 모든걸 빼앗고 추억만 주니까 아무리 웃어 보려고  안간힘 써 봐도 밥 먹다가도 울겠지만 그대 오직 그대만이 내 첫사랑 내 끝사랑 지금부터 달라질 수 없는  한 가지 그대만이 영원한 내 사랑 그대도 나처럼 잘못했었다면 그 곁에 머물기 수월했을까요 사랑해 떠난다는 말 과분하다는 말 코웃음 치던 나였지만 그대 오직 그대만이 내 첫사랑 내 끝사랑 지금부터 그대  나를 잊고 살아도 그대만이 영원한 내 사랑 나는 다시는 사랑을 못할 것 같아요 그대가 아니면
2011.10.23~10.29,38,3551105,Hotshot,브라운아이드걸스,Sixth Sense,2011.09.23,Dance,"김이나,미료,작사가김이나참여곡모음탈퇴회원좋아요총건수76559곡#작사가#김,작사가김이나산하엽파나엽좋아요총건수69277곡#사랑#","Hey, DJ  부탁해요  어지러울 만큼 달콤한 걸로  아주 많이 뜨거운 뭔가 목을 쉽게  막 타고 내려가 더 막 타고 내려가  내 이름 알아서 뭐해 hey  어차피 들으면 넌 놀래  하루만 그런거 묻지마  여기 shot 하나 더  on the rocks 하나 더  like it hotter  like it cooler  음악에 얼음을 더 넣어줘  리듬이 다 타오를라  기분따라 올라  more and more  더 말로 하자면  you and I  더 피곤할 뿐야  위스키 럼 하나 없이도  이런 여자애가 어딜가야 또 있겠어  one &amp; more, more play the song  아침이 다가올라  블라인드 셔터를 다 내려봐봐  chikichikichiki lata boomboombi   a boomboombi  chikichikichiki lata boomboombi   날보라구  Hey, Brandy  부탁해요  커피 초콜렛보다 좋은 걸로  귀에 keep해두고 싶은 music to go  막 온 몸이 떨리게 온 몸이 떨리게  사람은 불러서 뭐해  어차피 나 하나로 족해  복잡한 얘기는 다 넣어둬  여기 shot 하나 더  on the rocks 하나 더  like it hotter  like it cooler  차가운 그 얼굴 난 타올라  너의 손이 가는대로  기분 따라 올라  more and more 더 말로 하자면 you and I 더 피곤할 뿐야 위스키 럼 하나 없이도 이런 여자애가 어딜가야 또 있겠어 one &amp; more, more play the song 아침이 다가올라 블라인드 셔터를 다 내려봐봐 아침이 오기전에 우리 어서 즐겨 남친을 묻기전에 상관 말고 느껴 위스키 럼 안 사줘도 폼나게 놀 수 있어 그게 나야 나니까 자  come babe 자기자기자기 내 허릴 둘러봐 자기 자 기막히게 감동시켜봐 식스티 나인 영화에서처럼 즐겁게 살지 않으면 guilty인것처럼 I'm so bad tonight 어쩌나 holy moly 나를 나 어쩌나 holy moly 허튼 맘 같은건 먹지마 오늘은 그럴 기분 no 다른 기분 You're so hot tonight  come in come in 내 맘을 ah la la ah al la la 하지만 너무 다 믿진 마 기억은 못할지몰라 그럴지몰라 more &amp; more 음악을 끊지마 you and I 둘 사이의 끈을 위스키 럼 하나 없이도 이러다가 오늘 사고 하나 치겠어 one &amp; more, more play the song 오늘의 내 모습은 다시 돌아올지 안올지 난 몰라 hey, keep the change"
2011.10.23~10.29,39,3509751,UGLY,2NE1,2NE1 2nd Mini Album,2011.07.28,Dance,TEDDY,밝게 웃어보지만 내 맘에 들지 않아 난 예쁘지 않아 아름답지 않아 Oh oh oh oh  Oh oh oh oh  노랠 불러보지만 아무도 듣지 않아 난 예쁘지 않아 아름답지 않아 Oh oh oh oh  Oh oh oh oh  난 왜 이렇게 못난 걸까 어떡하면 나도 너처럼 환하게  웃어볼 수 있을까 또 화가나 왜 늘 완벽하지 못해 이 깨진 거울 속 못난 모습을 향해  탓하기만 해 쳐다보지마 지금 이 느낌이 싫어 난 어디론가 숨고만 싶어  벗어 나고 싶어 이 세상은 거짓말 I think I’m ugly And nobody wants to love me Just like her I wanna be pretty  I wanna be pretty Don’t lie to my face tellin’  me I’m pretty I think I’m ugly And nobody wants to love me         Just like her I wanna be pretty  I wanna be pretty Don’t lie to my face cuz I know  I’m ugly 날 쉽게 이해한다고 하지마 못 생기고 삐뚤어진 내 마음이 널  원망할지도 몰라 말 시키지마 난 너와 어울리지 못해 그 잘난 눈빛 속 차가운 가식이 날  숨막히게 해 다가오지마 너의 관심조차 싫어 난 어디론가 떠나고 싶어 소리 치고  싶어 이 세상은 거짓말 I think I’m ugly And nobody wants to love me Just like her I wanna be pretty  I wanna be pretty Don’t lie to my face tellin’  me I’m pretty I think I’m ugly And nobody wants to love me Just like her I wanna be pretty  I wanna be pretty Don’t lie to my face cuz I know  I’m ugly All alone I’m all alone  I’m all alone  따뜻함이란 없어 곁엔 아무도 없어 All alone I’m all alone  All alone I’m all alone I’m always all alone 따뜻함이란 없어 곁엔 그 누구도 날 안아줄 사람 없어 I think I’m ugly And nobody wants to love me Just like her I wanna be pretty  I wanna be pretty Don’t lie to my face tellin’  me I’m pretty I think I’m ugly And nobody wants to love me Just like her I wanna be pretty  I wanna be pretty Don’t lie to my face cuz I know  I’m ugly
2011.10.23~10.29,40,3562467,뭐 이런 게 다 있어,알리(ALi),뭐 이런 게 다 있어,2011.09.29,Ballad,,뒤돌아 보지마 얼굴 다시 보면 마음 약해지잖아 미안하다고 해도 가슴 아프다 해도 내 이름을 불러도 제발 돌아보지마 날 버린거야 니가 버린거야 이럴 땐 어떻게 해야 해 그걸 모르겠어 바지라도 붙잡고 가지 말라 해볼까 구차하게 매달려 눈물만 흘릴까 이렇게 될 줄 몰랐어 우린 너무나 사랑했잖아 날 안아 줄 때 뜨겁던 너의 사랑이 언제부턴가 의무적으로  느껴졌었어 변해버렸어 사랑이 참 허무해  뭐 이런 게 다 있어 이상하게 생긴 게 나를 슬프게 하네 날 붙잡아줘 뭐라 변명 좀 해봐 빈말이라도 그렇게 해주면 좋겠어 어쩌다가 우리가 이렇게 돼버렸는지 그 누구의 잘못인지 가슴이 아파 이렇게 될 줄 몰랐어 우린 너무나 사랑했잖아 날 안아 줄 때 그 어떤 너의  사랑이 언제부턴가 변해버렸어 돌이켜보면 내가 널  너무 힘들게만 했어 이제야 그걸 후회하게 됐어 부디  행복하게 잘 살아줘 오 미안해 이렇게 될 줄 몰랐어 우린 너무나 사랑했잖아  난 안아줄 때 뜨겁던 너의 사랑이 언제부턴가 의무적인 사랑으로 변해버렸어
2011.10.23~10.29,41,3585866,달팽이,투개월,슈퍼스타K 3 Top11 Part 4,2011.10.24,Ballad,이적,집에 오는 길은 때론 너무 길어 나는 더욱 더 지치곤 해 문을 열자마자 잠이 들었다가 깨면 아무도 없어 좁은 욕조 속에 몸을 뉘었을 때 작은 달팽이 한 마리가 내게로 다가와 작은 목소리로 속삭여줬어 언젠가 먼 훗날에 저 넓고 거칠은 세상 끝  바다로 갈 거라고 아무도 못 봤지만 기억 속 어딘가 들리는  파도 소리 따라서 나는 영원히 갈래 모두 어딘가로 차를 달리는 길 나는 모퉁이 가게에서 담배 한 개비와 녹는 아이스크림 들고 길로 나섰어 해는 높이 떠서 나를 찌르는데 작은 달팽이 한 마리가 어느새 다가와 내게 인사하고 노랠 흥얼거렸어 언젠가 먼 훗날에 저 넓고 거칠은 세상 끝  바다로 갈 거라고 아무도 못 봤지만 기억 속 어딘가 들리는  파도 소리 따라서 나는 영원히 갈래 내 모든 걸 바쳤지만 이젠 모두 푸른 연기처럼 산산이 흩어지고 내게 남아 있는 작은 힘을 다해 마지막 꿈 속에서 모두 잊게 모두 잊게 해 줄  바다를 건널 거야 언젠가 먼 훗날에 저 넓고 거칠은 세상 끝  바다로 갈 거라고 아무도 못 봤지만 기억 속 어딘가 들리는  파도 소리 따라서 나는 영원히 갈래
2011.10.23~10.29,42,3584074,집 (feat. 이소라),Tablo,"열꽃, Part 1",2011.10.21,Rap / Hip-hop,Tablo,문턱은 넘어서면 어지러워  내게 편한 나의 경계선이어서  심장만 어지럽혀 치워둔  쓸모없는 감정은 먼지 덮여  여길 벗어나면 죽음  익숙한 슬픔보다  낯선 행복이 더 싫어서  걸음 버린 나  헌신발이 될까만 겁이나  세상 세월 사람  날 꺾어 신어서 잊고 있어  문 앞에 수북이 쌓인  신문과 고지서처럼  나와 상관없는 세상의 생각  요구들 내 앞에 늘어놓지 마  This is my home  Leave me alone  여기만은 들어오지 마  이젠 눈물 없이도 운다  그저 숨 쉬듯이 또 운다  집이 되어버린 슬픔을  한 걸음 벗어나려 해도  문턱에서 운다  나도 모르게 운다  내게 행복할 자격 있을까  난 왜 얕은 상처 속에도  깊이 빠져있을까  사는 건 누구에게나 화살세례지만  나만 왜 맘에 달라붙은  과녁이 클까  감정이 극과 극 달리고  걸음 느린 난 뒤떨어져  숨 막히고 내 맘을 못 쥐어  세상을 놓쳐  몇 걸음 위 행복인데  스스로 한단씩 계단을 높여  누구에겐 두려운 일 하지만  내겐 웃음보다 자연스러운 일  사람이 운다는 것은  참을수록 길게 내뱉게만 되는  그저 그런 숨 같은 일  Let me breathe  슬픔이 내 집이잖아  머물래 난 제자리에  잠시 행복 속으로 외출해도  반드시 귀가할 마음인 걸  이젠 알기에  운다  그저 숨 쉬듯이 또 운다  집이 되어버린 슬픔을  한 걸음 벗어나려 해도  문턱에서 운다  나도 모르게 운다  이제 눈물 없이도 운다  그저 숨 쉬듯이 또 운다  집이 되어버린 슬픔을 한 걸음 벗어나려 해도 문턱에서 운다 나도 모르게 운다
2011.10.23~10.29,43,3580489,2love,2보람,2love,2011.10.20,Ballad,"안영민,작곡가조영수작사작곡모음탈퇴회원좋아요총건수26677곡#작곡가#조",문득 들려오는 노래가  이렇게 내 마음 아프게 해 어제는 사랑을 그리고  또 오늘은 이별을 내가 아플 땐 열 재주던 사람  내 곁에 늘 있어준 사람 이별이라는 말 이젠 끝이란 말  나를 떠난대요 사랑하기에 떠난다는 그 말  안믿어 좋은 이별이 어딨어 가슴이 너무 아파요 난 슬퍼요 무너지는 날 안아줘 오늘도 그대를 사랑해 사랑해  떠나가지 말아요  제발 사랑했던 나를 잊지말아요 그대의 문자 속에  우리는 영원하자던 약속 지키지 못할 말 왜 했어요  나만 더 아프게 내가 슬플 땐 기쁨이 되주고  같이 울고 웃어준 사람 나를 울리고서 등을 돌리고서  나를  떠난대요 사랑하기에 떠난다는 그 말  안믿어 좋은 이별이 어딨어 가슴이 너무 아파요 난 슬퍼요 무너지는 날 안아줘 오늘도 그대를 사랑해 사랑해  떠나가지 말아요 제발 사랑했던 나를 잊지 말아요 이 밤이 또 지나고 나면 내일이 오면 그대 날 잊을까요 난 그대없이 못살아 잊지못해 가슴이 텅 빈것 같아 눈물이 나도록 사랑해 사랑해  떠나가지 말아요 제발 사랑했던 나를 잊지말아요  나는 그대 없이는 안돼요
2011.10.23~10.29,44,3532821,Top Girl,지나,Top Girl,2011.08.23,Dance,휘성(Realslow),"Be on Top Be on Top Be on Top Gotta go Don't you wanna be on top Can't you see that I can't stop Watch and listen cause it's hot hot hot 럭셔리하게 좀 더 핫 하게 양심 말고 진한 눈길 받아볼래 고민 따윈 No 맘에 들면 Yes 내 식대로 가는 거야 당당하게 Seven days all day  똑같은건 정말 따분해 느낌이 가는 데로 나를 색칠하고 싶은 걸 난 TOP Girl 톡톡톡 튀는 HOT Girl 반할걸 녹녹녹 녹아들걸 매력이 터져 Boom 한 순간 Boom 완전히 Boom Boom 터질 것 같아 쏙 끌려 와와와 느낌이 와 내게 와와와 짜릿한 눈길이 와  Wow 이런 기분 최고야 날 말릴 수 없을 거야 난 TOP TOP GIRL Oh Oh Oh Yeah 가끔 미친 척 혼자 예쁜 척 내 멋대로 내키는 대로 놀아 볼래 너무 즐거워 너무 재밌어 눈치 볼 거 뭐 있겠어 가는 거야 Ah Say what Seven days all day  더 새롭게 나를 표현해 가슴이 뛰는 대로 짜릿하게 뭔가 다르게 나는 TOP Girl 톡톡톡 튀는 HOT Girl 반할걸 녹녹녹 녹아들걸 매력이 터져 Boom 한 순간 Boom 완전히 Boom Boom 터질 것 같아 쏙 끌려 와와와 느낌이 와  내게 와와와 짜릿한 눈길이 와  Wow 이런 기분 최고야 날 말릴 수 없을 거야 난 TOP TOP GIRL 투정부릴 것 같은 말괄량이로 날 보지마 No 난 달라 Everything을 새롭게 태어날꺼야 지켜봐 나는 TOP Girl 톡톡톡 튀는 HOT Girl Hmm, Yeah 나는 TOP Girl 톡톡톡 튀는 HOT Girl Say What 나는 TOP Girl 톡톡톡 튀는 HOT Girl 반할걸 녹녹녹 녹아들걸 매력이 터져 Boom 한 순간 Boom 완전히 Boom Boom 터질 것 같아 쏙 끌려 와와와 느낌이 와  내게 와와와 짜릿한 눈길이 와  Wow 이런 기분 최고야 날 말릴 수 없을 거야 난 Top Top girl Oh Oh OH Yeah"
2011.10.23~10.29,45,3534941,나란 놈은 답은 너다 (Feat. 하림),리쌍,AsuRa BalBalTa,2011.08.25,Rap / Hip-hop,개리,나란 놈은 답은 너다 나 쉽게 말해도 내가 말이 안 되도 나란 놈은 답은 너다 나 설명 못 해도 내 맘이 그래 나 죽어 버릴까 내 맘이 그래 나 죽어 버릴까 내 맘이 그래 나 죽어 버릴까 헤어지자는 너의 말에 난 화가 나 소리치고 술에 취해 벽을 치고 괜한 사람 어깨를 부딪치고 욕하고 뭘 보냐며 시비 걸고 그렇게 세상 모든 게 다 싫고 그런 내 모습에 넌 또 실망해 하지만 나 심각해 앞뒤 다 자르고 니가 없으면 미치겠는데 어떡해 오죽하면 내가 이래 너도 울잖아 아직 나 사랑하니까 무릎 꿇잖아 내가 미안하니까 그러니까 붙잡아 구차한 변명 거창한 약속 따윈 하진 않을게 돌아서지 마 나란 놈은 답은 너다 나 쉽게 말해도 내가 말이 안 되도 나란 놈은 답은 너다 나 설명 못 해도 내 맘이 그래 나 죽어 버릴까 너는 왜 나를 못 믿어 말하면서 속으론 찔려 우리 사랑했던 1년 그 시간 동안 못할 짓 많이 했던 내 자신이 너무나 싫어 이런 싸움 끝엔 언제나 사랑을 잃어 남잔 바람도 필 줄 알아야 돼 여자에 얽매이면 안 돼 그렇게 말했던 이 남잔 니가 떠나고 홀로 남자 가슴에 불이 난다 그리고 한다는 말이 나에게 정답은 너야 이제서야 니 소중함을 알았던 거야 니가 떠나면 난 다 잃어 다 잊어 다시 한 번만 날 믿어줘 제발 오 나를 견뎌준 내 사랑아 지금껏 네게 준 건 눈물뿐인 이 못난 놈은 그래도 널 언제나 너만 생각해 네가 내 옆에 있어야 힘이나 잘 알잖아 돌아와  Oh Oh Oh Oh Oh Oh Oh Oh 네가 내 옆에 있어야 완벽해 잘 알잖아 돌아와 줘  Oh Oh Oh Oh Oh Oh 80 넘은 부부도 싸우고 보름도 안 되서 또 티격태격 하지만 오늘도 서로 사랑하며 살아가잖아 넌 나에겐 그런 존재 매일 핑계뿐이고 승질 부리고 우기고 참 못났지만 나에겐 니가 꿈이고 사랑이야 사랑에 답은 없지만 나에겐 니가 답이야 그게 내 진짜 마음이야 나란 놈은 답은 너다 나 쉽게 말해도 내가 말이 안 되도 나란 놈은 답은 너다 나 설명 못 해도 내 맘이 그래 나 죽어 버릴까 나란 놈은 답은 너다 나 쉽게 말해도 내가 말이 안 되도 나란 놈은 답은 너다 나 설명 못 해도 내 맘이 그래 나 죽어 버릴까
2011.10.23~10.29,46,3570626,눈물나,정엽,Part I : Me,2011.10.11,Ballad,허니듀오,이제 어디로 갈꺼야 나도 갈 곳이 있었으면 손가락 한마디도  움직일 곳을 난 몰라 잘 가겠지 넌 숨 못 쉬어도  살아지는 곳이 있다면 나 그곳에 데려다줘  데려다 주고 가 눈물 나 눈물이 나 눈물 나 눈물도 안나와 눈물 나 눈물이 나 눈물 나 이제 어디로 갈꺼야 나도 너만큼 독했으면 한 뼘만 니 마음에  날 놓아줄 순 없겠니 잘 가겠지 넌 니가 없어도  살아지는 곳이 있다면 나 그곳에 데려다줘  데려다 주고 가 눈물 나 눈물이 나 눈물 나 눈물도 안 나와 눈물 나 눈물이 나 눈물 나 눈물이 마를 때쯤  난 어딘가에서 숨을 쉬겠지 살아지겠지 그때까지만 그때까지만 눈물 나 눈물이 나 눈물 나 아파 눈물도 안 나와 눈물 나 눈물이 나 눈물 나 눈물 나 눈물이 나 눈물 나 아파 아파 눈물 나 눈물이 나 눈물 나 눈물 나
2011.10.23~10.29,47,3586953,안부,프리스타일,Say Hello To Goodbye,2011.10.25,Rap / Hip-hop,프리스타일,어떻게 살길래 연락한번 안되니 어떻게 지내길래 얼굴한번 못봐 나는 뭐 별거없어 사는거 뻔하지 뭐 친구들이랑 술마시고 정신없는게 다야 눈치없는 친구들이 니가 보고 싶단다 너 요즘 뭐하냐고 안부 물어보더라 죽든말든 관심없다고 대충 둘러댔더니 정신좀 차리라고 말들이 많아 이야기 다 들었어 너 결혼한다면서 아무튼 축하해 근데 생각보다 빠르네 나만빼고 다알더라구 결혼한다는거 왜 항상 너에관한건 나만 모를까 왜이렇게 어렵지 사람만나는게 난 왜이렇게 힘드니 살아숨쉬는게 요즘들어 니생각이 너무 많이 나 너 보낼생각하니까 자꾸 겁이나 그 먼훗날 혹시라도 내 소식을 들으면 내가 미워도 내가 싫어도 웃으며 추억해주겠니 힘겨운날 혹시라도 내 소식을 들으면 내가 미워도 내가 싫어도 웃으며 기억해줘 태연하게 행동해봤자 어색한게 다야 아닌척 노력을해도 너무 티가 나 숨기고 또 숨겨봐도 다들알고있고 눈치없는  친구들은 아쉽다고 하고 할말도 없어 이제 니 이름만 나오면 변명이라곤 해볼만큼 다해봤으니까 이제 나 어떻하지 가슴이 아파서 앞으로 어떻하지 보고 싶어서 살아가다가 힘들면 꼭 연락한번해줘 뭐 그럴일 없겠지만 그래도 혹시나 나처럼 힘들게 살면안돼 넌 알지 나처럼 기다리면서 살면안돼 알겠지 니가 어떤사람인데 절대 아프지마 내게 어떤 사람이였는데 절대 슬프지마 보고싶다 내사람아 정말 보고 싶어 이제서야 너를 놔 잘가 내사람아 그 먼훗날 혹시라도 내 소식을 들으면 내가 미워도 내가 싫어도 웃으며 추억해주겠니 힘겨운날 혹시라도 내 소식을 들으면 내가 미워도 내가 싫어도 웃으며 기억해줘 자꾸 웃음이 나고 눈물을 참으려고 애를 쓰며 고갤 돌리고 이젠 기약도 할수없겠지 작은 기억도 할수없겠지 힘겨운날 혹시라도 내 소식을 들으면 내가 미워도 내가 싫어도 웃으며 기억해줘 안녕
2011.10.23~10.29,48,3586330,Be Quiet,"김완선,용준형",Be Quiet,2011.10.25,Dance,"용준형,김태주",Be quiet Be quiet  Be quiet Be quiet  Be quiet Be quiet  Be quiet Be quiet  Be quiet Be quiet  Be quiet Be quiet  뭔 말이 그리 많아  창가에 새들 마냥  Be quiet 쉿 Oh Be Quiet 참 가지 가지 한다 난 성격이 좋지 않아  Be quiet 쉿 Oh Be Quiet You just Your thang  다른 일은 손 떼 세 번만 참을게  그 이상은 안돼  Ayy Stop Talking that  blah blah blah blah  그러다 가  너 바람처럼 사라질라 Be quiet Be quiet  Be quiet Be quiet  Be quiet  오 날 좀 놔요 내게 뭘 원하나요 털어도 먼지 안 나요  Be Be Be Be quiet 오 날 좀 놔요 내게 뭘 원하나요 털어도 먼지 안나요  Be Be Be Be quiet Hello Joker on the track   굳이 안 떠들어 주셔도 세상은  충분히 너무 시끄럽죠 on fire 불이 붙었지 좋은  결말은 이미 글렀지 Huh 앞에선 한마디도 못하는 것들이  꼭 말썽이고 그러다가 너 십리도 못가서  발병이나 아이고 뒤늦게 후회해봤자  널 지나쳐가는 막차 밤새 넌 한숨도 못자  방정맞은 네 입을 탓 하자 관심받고 싶음 넌 방법이 틀렸어 지금 Strike 생각 해보니  나 세번 다 참았어 지금 Oh oh Be quiet  Be quiet  Be quiet  Be quiet  Be quiet   오 날좀놔요  내게 뭘 원하나요 털어도 먼지 안나요  Be Be Be Be quiet 오 날 좀 놔요 내게 뭘 원하나요 털어도 먼지 안나요  Be Be Be Be quiet Runaway don't lookback  Runaway don't lookback You Better Runaway from me now  터지기 직전에 Big Bomb 난리나기 전에 멀리가 난리나기 전에 멀리가 Be quiet  Be quiet Be quiet  Be quiet Be Be Be quiet
2011.10.23~10.29,49,3576033,Desperado (Eagles),임재범,`바람에 실려` 프로젝트 Part.3,2011.10.16,Rock,DonHenley(Eagles),"Desperado, why don't you   come to your senses  You've been out ridin' fences   for so long now  Oh, you're a hard one  I know that you got your reasons  These things that are pleasin' you  Can hurt you somehow Don't you draw the queen of   diamonds, boy  She'll beat you if she's able  You know the queen of hearts   is always your best bet Now it seems to me,   some fine things  Have been laid upon your table  But you only want the ones   that you can't get  Desperado, oh, you ain't gettin'   no younger  Your pain and your hunger,   they're drivin' you home  And freedom, oh freedom well,   that's just some people talkin'  Your prison is walking through   this world all alone  Don't your feet get cold   in the winter time  The sky won't snow   and the sun won't shine  It's hard to tell the night time   from the day  You're loosin' all your highs   and lows  Ain't it funny how the feeling   goes away Desperado, why don't you   come to your senses  Come down from your fences,   open the gate  It may be rainin', but there's a   rainbow above you  You better let somebody love you   let somebody love you You better let somebody love you  before it's too late"
2011.10.23~10.29,50,3546001,Get Out,JYJ,Get Out,2011.09.08,Dance,,어 어 그래 그래 나도 사랑해 사랑해 하면서  넌 그와 입을 맞추고  이미 너의 심장은 그에  손을 느끼고 감추고 속이고 있어 전화를 끊어도 너의 모습은 보이고  니가 아냐 아냐 해도  결국엔 너인걸  내가 사랑한 너야 Oh baby tell me why you act so  strange but tonight I don't  need a damn explain  하지만 이미  난 모두 알고 있었어 난 너와 함께 있는 그 녀석도 필요 없어  제발 좀 사라져 됐어  남은 행복 갖고 꺼져버려 모두 다 바이바이 사랑도  모두 다 바이바이 우정도  feels like I'm ready no love  Im done with   끝나버린 사랑이라고해 더 말할 필요 없잖아 모두 다 바이바이 추억도  모두 다 바이바이 슬픔도  feels like I'm ready no love I'm done with   끝나버린 사이라고 말해 다 끝난거야 baby 하필 나의 그녀에게 넌 입을  맞추고 친구의 여자인걸 알면서  다가왔고 감추고 속이고 있어 우연히 마주친  내 시선 피하지 않고 니가 아냐 아냐 해도  결국엔 너인걸 널 믿었었던 나야 Oh baby tell me why you act  so strange but tonight  I don't need a damn explain  하지만 이미 난 모두 알고 있었어  난 너와 함께 있는  그 녀석도 필요 없어  제발 좀 사라져  됐어 남은 행복 갖고 꺼져버려 모두 다 바이바이 사랑도  모두 다 바이바이 우정도  feels like I'm ready no love I'm done with  끝나버린 사랑이라고 해 더 말할 필요 없잖아 모두 다 바이바이 추억도  모두 다 바이바이 슬픔도  feels like I'm ready no love  I'm done with  끝나버린 사이라고 말해 다 끝난 거야 모두 다 바이  모두 다 바이 모두 다 바이바이 추억도  모두 다 바이바이 슬픔도  feels like I'm ready no love  I'm done with   끝나버린 사이라고 말해 다 끝난거야 모두 다 바이바이 사랑도  모두 다 바이바이 우정도  feels like I'm ready no love  I'm done with  끝나버린 사랑이라고 해 더 말할 필요 없잖아 모두 다 바이바이 추억도  모두 다 바이바이 슬픔도  feels like I'm ready no love  I'm done with  끝나버린 사이라고 말해 다 끝난 거야 이젠 굿바이
2011.10.23~10.29,51,3457172,Roly-Poly,티아라,존트라볼타 워너비,2011.06.29,Dance,신사동호랭이,어디까지 왔나 또 어디 숨었나 맘에 들어 왔나 나나나나나  I like you 어디서 오셨나요  자꾸 눈이 가네요  그대 눈빛이 나는 참 맘에 드네요 옆으로 가고 싶지만  용기가 안나서   가슴이 떨려와 나는 참 망설이네요 몰라 어떡해 난 몰라 미치겠어  널 놓치기 싫어  너에게로 점점 다가갈래  점점 내 앞에서 떠날 수 없게 Roly Poly Roly Roly Poly 날 밀어내도 난 다시  네게로 다가가서 Roly Poly Roly Roly Poly 나만 보일꺼야  너에게 나를 보여 줄꺼야 시계는 왜 보나요  우리 만남부터 쭉 멈춰 있는데 나는 참 맘에 드네요 나 오늘 이상하네요  자꾸 떨리네요  그대를 보고서 나는 참 망설이네요 몰라 불안해 난 몰라 미치겠어  어디로 갈까봐 한걸음 더 점점 다가갈래  점점 내 눈에서 떠날 수 없게 Roly Poly Roly Roly Poly 날 밀어내도 난 다시  네게로 다가가서 Roly Poly Roly Roly Poly 나만 보일꺼야  너에게 나를 보여 줄꺼야 I like like this I like like  that I like this like that yeah Roly Poly Roly Roly Poly 날 밀어내도 난 다시  네게로 다가가서 Roly Poly Roly Roly Poly 나만 보일꺼야  너에게 나를 보여 줄꺼야 Ah Ah Ah Ah Tonight 시간이 된거야 내게로 올거야  Oh Tonight Ah Ah Ah Ah Tonight 널 기다릴 거야  너도 날 놓치기 싫을 거야
2011.10.23~10.29,52,3571022,Lucky Guy,김현중,Lucky,2011.10.11,Dance,"김태완,김창락","Ready, Mic Check 1, 2 Let Me Clear My Throat Let Me Get This Ready 3, 2, 1, Let's Go Hey 느낌이 좋아 오늘도 완벽하지 더 크게 터질 것 같아 Let's Get It Hey 기분이 좋아 날 향해 쏟아지는 Flash Light 익숙하잖아 Let's Get It 네가 나를 갖고 싶은 걸 알아 여기 잠깐 놀다 거기로 갈게 Sorry For That 이제부터 좀 더 신나게 놀아봐 나는 오늘 Lucky Guy니깐 Hey High, High, High, High 모두 뛰어 In The Sky Shake It, Shake It, Shake Shake It, Shake It, hey High, High, High, High 전부 잊고 In The Sky Shake It, Shake It Shake Shake It, Shake It, hey Fly Away Fly Away, Yeah Fly Away Fly Away, Yeah So High, High, High, High 이 밤의 끝까지 아침을 깨워 너와 나 Shake It Every Body, eh eh, Every Body Move Your Body Move Move Your Body Every Body, eh eh, Every Body Shake It, Shake It, Shake Shake It, Shake It Hey, You Little Lady 자 몸이 가는대로 Clap, Clap, Clap, Yo Hand's Now  Let's Get It Hey, You Sexy Baby 눈 씻고 찾아봐도 내 눈엔 네가 제일 빛나 네가 나를 갖고 싶은 걸 알아 여기 잠깐 놀다 거기로 갈게 Sorry For That 이제부터 좀 더 신나게 놀아봐 그냥 너를 내게 맡겨 High, High, High, High 모두 뛰어 In The Sky Shake It, Shake It, Shake Shake It, Shake It, hey High, High, High, High 전부 잊고 In The Sky Shake It, Shake It, Shake Shake It, Shake It Fly Away Fly Away, Yeah Fly Away Fly Away, Yeah So High, High, High, High 이 밤의 끝까지 아침을 깨워 너와 나 Shake It Every Body, eh eh, Every Body Move Your Body Move Move Your Body Every Body, eh eh, Every Body Shake It, Shake It Shake Shake It, Shake It Hey 자 여길 봐봐 날 믿어 날 느껴봐 오늘밤 절대 아무런 걱정 말고 High 반가워 Your My Lady 이대로 내 손을 잡아 I Wanna Go, I Wanna Go I Wanna Go, I Wanna Go I Wanna Go 나 이대로 날아 Baby High, High, High, High 모두 뛰어 In The Sky Shake It, Shake It, Shake Shake It, Shake It, hey High, High, High, High 전부 잊고 In The Sky Shake It, Shake It, Shake Shake It, Shake It Fly Away Fly Away, Yeah Fly Away Fly Away, Yeah So High, High, High, High 이 밤의 끝까지 아침을 깨워 너와 나 Shake It Every Body, eh eh, Every Body Move Your Body, Move Move Your Body Every Body, eh eh, Every Body Shake It, Shake It Shake Shake It, Shake It"
2011.10.23~10.29,53,3545342,그대이길 바래요 (With 케이윌),지아,그대이길 바래요,2011.09.09,Ballad,조휘림,사랑에 베인 상처   너무나 아팠나 봐요  다른 누군갈 좋아하는 건   그때 포기했었죠  소심한 내 맘 두려워서   여린 맘이 다칠까 봐  사랑을 잠그고 마음을 닫았죠  그대 외롭고 힘들고 아파도   마음의 그 문을 열어요  모든 걸 사랑할게요  어떤 상처도 슬픔도 없어요   그대 주저하지 말고  나에게 기대요   웃음을 찾아줄게요  사랑한다는 말   내가 먼저 고백할게요  이별이라는 말   더 이상 없을 거에요 나를 보아요  내 맘을 아나요   나를 믿어줘요  그대가 맞나요   내 손을 잡아요  그대이길 바래요   언제까지나 함께 해요  이제서야 알아요   사랑 숨길 수 없음을  가슴속에 차오르는 한 사람   그대뿐이잖아요  우연처럼 다가온 그대   이젠 나의 운명이 돼버린걸  느낄 수 있어요 내 사람이란 걸  처음 그대의 미소를 봤을 때   싱그런 향기에 취해서  사랑이 시작됐나 봐  그대 얼굴에 흐르던 눈물이   나의 가슴속에 흘러  그대의 마음을 꼭 안아 주고 싶었죠  사랑한다는 말   내가 먼저 고백할게요  이별이라는 말   더 이상 없을 거에요 나를 보아요  내 맘을 아나요   나를 믿어줘요  그대가 맞나요   내 손을 잡아요  그대이길 바래요   언제까지나 함께 해요  사랑해  가까이 내게 와줘요    사랑해  지금 우리 둘만을 생각해요  사랑해 사랑해요 그대만 보여요  내 안엔 그대만 살아요 그대만 볼래요 우리의 내일을 함께 그려봐요 꿈이 아닌 거죠  나를 믿어줘요 헤어지지 마요  내 손을 잡아요 세상에 단 한 사람  영원히 늘 함께할 사랑
2011.10.23~10.29,54,3568873,새들처럼,FTISLAND(FT아일랜드),MEMORY IN FTISLAND,2011.10.10,Rock,지근식,열린 공간 속을 가르며  달려가는 자동차와 석양에 비추인 사람들 Uh 도로 위를 달리는 자동차 분주한 발걸음으로 붐비는  도심 속 이 거리 숲 속에 나무들처럼  빽빽한 빌딩들 사이 화려한 네온 싸인 오늘은 이 도시 위를 날고 싶어  Come on 날아가는 새들 바라보며  나도 따라 날아가고 싶어 파란하늘 아래서 자유롭게  나도 따라 가고 싶어 저 하늘을 날아보고 싶어  오늘은 만지고 싶어 저기 구름을 Uh yes I wanna touch the cloud 하늘 보단 낮으니까 내 손가락 끝이 구름 끝에  닿을 수 있다면 답답한 도시를 떠나고 싶어도  나는 갈 수 없네 날아가는 새들 바라보며  나도 따라 날아가고 싶어 파란하늘 아래서 자유롭게  나도 따라 가고 싶어 오늘은 답답한 일상에서 떠나 보고 싶어 Let's get out out  이 곳에서 벗어나고 싶어 Now 저 하늘 위엔 날 위해  뭔가 있을 것만 같애 저 하늘의 새들처럼 하늘을 날자  Fly high Fly 날개를 펼쳐봐 하늘만 바라봐 용기 낼 수 있다면 넌 할 수 있어 날아가는 새들 바라보며  나도 따라 날아가고 싶어 파란하늘 아래서 자유롭게  나도 따라 가고 싶어 날아가는 새들 바라보며  나도 따라 날아가고 싶어 파란하늘 아래서 자유롭게  나도 따라 가고 싶어
2011.10.23~10.29,55,3585862,나쁜 남자,울랄라세션,슈퍼스타K 3 Top11 Part 4,2011.10.24,Ballad,"박진영,방시혁",나는 그댈 가질 수 없는 형편없는 남자기에 너는 넘봐선 안되는 아름다운 여자이기에 단념해야 깨끗이 잊어 버려야 하는데 왜 그렇게 하지를 못하고 나를 좋아하게 만들고 나서야 이렇게 후회 하는지 난 너에게 좋은 남자가 아냐 너에게 어울리는 사람이 아냐 난 니가 아는 그런 사람이 아냐 난 나쁜 남자야 난 나쁜 남자야 다른 많은 사람들 눈에는 아주 보잘 것 없는 나지만 너만은 나를 너 하나만큼은 나를 사랑하게 하고 싶었어 하루 하루 너의 마음을 네게 줄 수록 난 난 괴로움에 지쳤고 너와 마주 보고 있으면 난 자꾸 나쁜 남자라 남자라 말하고 싶어 난 너에게 좋은 남자가 아냐 너에게 어울리는 사람이 아냐 난 니가 아는 그런 사람이 아냐 난 나쁜 남자야 난 나쁜 남자야 Baby I'm sorry I'm bad boy 나쁜 남자야 Baby I'm sorry I'm bad boy 나쁜 남자야 Baby I'm sorry Baby I'm sorry 난 나쁜 남자야 난 나쁜남자야 난 너에게 좋은 남자가 아냐 너에게 어울리는 사람이 아냐 난 니가 아는 그런 사람이 아냐 난 나쁜 남자야 난 나쁜 남자야 난 너에게 좋은 남자가 아냐 너에게 어울리는 사람이 아냐 난 니가 아는 그런 사람이 아냐 난 나쁜 남자야 난 나쁜 남자야
2011.10.23~10.29,56,3559933,어제보다 슬픈 오늘,김건모,自敍傳 (자서전) & Best,2011.09.27,Ballad,김창환,밤새도록 내리던 소낙비가   니 모습을 지울까  니가 떠난 어제 보다도   난 오늘이 더 슬퍼지고  나의 창에 비친 아침 햇살이   어젯밤을 다 지울까  퉁퉁 부은 내 눈 속엔   아직 너를 보낸 눈물이  거울 속에 비친 내 모습은   괜찮다며 웃는데  거울 밖에 난 울고 있잖아  넌 괜찮니 지금도   나는 실감나지 않는다  어제 니가 쓰던 컵이   아직 나와 둘이 앉아있고  너의 사랑이 머물다 떠난   내 방안의 슬픔은  내 가슴에 스며 내게   어제보다 더 큰 아픔을 주네  밤새도록 힘들게 취한다고   니 모습을 잊을까  어제 니가 했던 이별 얘긴   도무지 기억이 안나  내 얼굴에 드리운 아침햇살   힘들게 나 눈을 뜨면  니가 없는 텅 빈 침대만이   내 이별을 말하네  거울 속에 비친 내 모습은   괜찮다며 웃는데  거울 밖에 난 울고 있잖아  넌 괜찮니 아직도   나는 믿어지지 않는다  문득 현관문을 열면   니가 웃으면서 올 것 같아  너의 사랑이 남겨진 여기   이 공간의 슬픔은  내 두 눈을 적셔 오늘   어제보다 더 큰 슬픔이 되어  넌 괜찮니 지금도  나는 실감나지 않는다 어제 니가 쓰던 컵이  아직 나와 둘이 앉아있고 너의 사랑이 머물다 떠난  내 방안의 슬픔은 내 가슴에 스며 내게  어제보다 더 큰 아픔을 주네 어제보다 더 오늘이 아프다
2011.10.23~10.29,57,3559100,아는 오빠,클로버,아는 오빠,2011.09.29,Rap / Hip-hop,"은지원,양태웅,길미",who's that 왼쪽 오른쪽  everybody stand up 나와 춤을 춰  put your hands up 쉽게 쉽게 생각해 깊게 깊겐 피곤해 who's that 왼쪽 오른쪽  everybody stand up 나와 춤을 춰  put your hands up 쉽게 쉽게 생각해  그냥 아는 오빠일 뿐야 Yes yes I'm Playboy  연애는 항상 재밌는 놀이 나쁜 남자 yo no soy  난 그저 living to enjoy 대쉬할 땐 마치 Superman 확률은 99% 그녀는 모르지만  이 동네 남자들은 다 알어 Who represent 틀려 요즘 들어 자주 만난 그녀는  특별한 사랑이라고 나는 느껴 웃겨 내게도 사랑이라니 Hey  생각만 해도 아이러니 해 그러던 어느날 낯선 남자가  다가오자 그녀는 놀라 그에게 날 소개 했지 누구 그냥 아는 오빠 who's that  누가 또 누가 또 빠져들었나  상처가 될테니 착각하지마 who's that 누가 또 누가 또 빠져들었나  그저 그냥 넌 아는오빠 주변엔 항상 많은 오빠  그 많은 다른 아는 오빠 들 과는 나는 대화 조차  늘 다르다는 것을 몰라 애교 섞인 목소리톤  하트 가득한 이모티콘 그녀의 수많은 인맥 관리 속에  여전히 살아남은 관심일촌 우리 사이는 특별해  스타들보다 스페셜해 확신을 가지고 난 고백 하기로 해  남자 답게 OK 너의 수 많은 아는 오빠 들처럼  나도 그냥 아는 오빠 냐고 물어 보자 그녀는 놀라  뭐 정말 친한 오빠 왼쪽 오른쪽 everybody stand up  나와 춤을 춰 put your hands up 쉽게쉽게 생각해 깊게깊겐 피곤해 who's that 왼쪽 오른쪽  everybody stand up 나와 춤을 춰  put your hands up 쉽게쉽게 생각해  그냥 아는 오빠일 뿐야 이미 어장안의 물고기 바짝 집중하네 눈코귀 지도 모르게 질질 끌려오는게 죄 라면은 죄 줄줄 줄을 서는게 당연한 순서 wassup 대기표를 받어 나 됐어 미안한데 싫음 뒤로빠져 u meet the evil piggy in the middle 깊게 파고들면 자존심을 잃어 정말 날 사랑한거니 미안해  내 맘 몰랐니 아는 오빠 그 이상은 no oh who's that 누가 또 누가 또 빠져들었나  상처가 될테니 착각하지마  착각하지마 누가 또 누가 또 빠져들었나  그저 그냥 넌 아는 오빠 who's that 왼쪽 오른쪽  everybody stand up 나와 춤을 춰  put your hands up 쉽게 쉽게 생각해 깊게 깊겐 피곤해 who's that 왼쪽 오른쪽  everybody stand up 나와 춤을 춰  put your hands up 쉽게 쉽게 생각해   그냥 아는 오빠일 뿐야
2011.10.23~10.29,58,3575663,바본가봐 Part.2 (Feat. 마이티마우스),JJ,This Is Me,2011.10.17,Ballad,양정승,어제는 눈물이 오늘은 가슴이 아파   울었어 잊지못했나봐  하루만 하루만 기다리면 나에게로   다시 돌아오겠죠  너를 보내던 그날 이미 담담했는데   나를 떠나도 괜찮았었는데  그땐 몰랐었나봐 아직도 사랑하는걸  나의 전부를 줘도 모자라는걸 떠나지마 아프지마 바보가 되어도  좋아 너만 있으면 충분한데  너밖에 없는데 바보처럼 니곁으로 다시  돌아가고싶어 내 사랑은  오직 너 하나뿐야 천번 백번 생각해도  내 대답은 넌데 내 맘은 가까운데  몸은 너무나 머네 내겐 아직도 선해 나보다  널 걱정해 내 감정은 일기장처럼  누구보다 솔직해 니가 밉다 그만 잊자 힘들어도  미소짓자 언젠간 돌아올너니까 이런 생각으로 오늘도 난 잠들어  그리움이란 도화지에  이렇게 널 그려 숨을 쉴 수 없어서 내 가슴이  아파서 다시 또 하루 널 기다리다가 함께 보낸 시간들 잊지 못할  추억들도 잊으려 하면  더 선명히 기억나 떠나지마 아프지마 바보가 되어도  좋아 너만 있으면 충분한데  너 밖에 없는데 바보처럼 니곁으로 다시  돌아가고싶어 내 사랑은 오직 너 하나뿐야 uh yeah 내 미래는 항상  너의 근처를 맴돌아  그 어딜봐도 너의 흔적이 남아있어 니생각이 틀렸단걸 증명할게 내게 돌아와 제발 돌아와 떠나지마 아프지마  바보가 되어도 좋아 너만 있으면 충분한데 너밖에 없는데 미안해요 사랑해요  너를 혼자 둬서 미안해 지켜주지 못해서 더 미안해 영원히 널 잊지 못해서 미안해
2011.10.23~10.29,59,3550280,사랑법,SG워너비,사랑법,2011.09.15,Ballad,안영민,바람이 불어온다 추억이 흩날린다 그래 우리가 사랑했었지 눈물이 떨어진다 코 끝이 짠해진다 그래 우리가 사랑했었지 기쁠때나 슬플때 힘들고 지칠때도 네가 항상 곁에 있었는데 사랑이란 멀리있다 해도 같은 마음으로 기다려주는 일 죽도록 보고 싶을때 너무 그리워질때 네 이름을 불러볼게 사랑해 제일 행복했던 일 정말 나 잘했던 일 그래 내가 널 사랑했던 일 안녕이란 한마디 쓸쓸한 네 빈자리 그래 이게 끝은 아닐거야 계절이 변해가도 세상이 변해가도 너는 항상 곁에 있었는데 사랑이란 멀리있다 해도 같은 마음으로 기다려주는 일 죽도록 보고 싶을때 너무 그리워질 때 네 이름을 불러볼게 사랑해 고마워 나를 살게 해줘서 부디 이런 나를 잊지 말아줘 돌아와줘 네가 살던 이 곳 널 그리워하는 아픈 내 가슴속 세상이 다 변해가도 많은 시간 지나도 언제나 널 기다릴게 사랑해 바람이 불어온다 네가 더 보고싶다
2011.10.23~10.29,60,3570031,Livin`La Vida Loca (Ricky Martin),버스커버스커,슈퍼스타K 3 Top11 Part 2,2011.10.10,Rock,"DesmondChild,RobiRosa,LuisGomezEscolar",she's into superstitions black cats and voodoo dolls I feel a premonition that girls's gonna make me fall she's into new sensations new kicks in the candlelight she's got a new addiction for every day and night she'll make you  take your clothes off  go dancing in the rain she'll make you live her crazy life but she'll take away your pain like a bullet to your brain upside inside out livin' la vida loca push and pull you down livin' la vida loca her lips are devil red and skin's the color of mocha she will wear you out livin' la vida loca woke up in New York city in a funky cheap hotel she took my heart and took my money she slipped me  a sleepin' pill she never drinks the water makes you order  french chmpagne you've once had a taste of her you'll never be the same yeah she'll make you go insane upside inside out livin' la vida loca push and pull you down livin' la vida loca her lips are devil red and her skin's the color of mocha she will wear you out livin' la vida loca come on she'll make you take you clothes off  go dancing in the rain    she'll make you  live her crazy life  but she'll take away your pain like a bullet to your brain upside inside out livin' la vida loca push and pull you down livin' la vida loca her lips are devil red and skin's the color of mocha she will wear you out livin' la vida loca
2011.10.23~10.29,61,3524625,"가슴으로 운다 (Feat. 아이린, 윤미)","디셈버,제이세라",Love Harmony,2011.08.11,Ballad,,내 사랑 그대여 거기 멈춰서요  나 지금 그대에게 가고 있어요  그대 없이 난 이제   단 하루도 살지 못해서  가슴으로 운다  내가 정말 사랑했던 사람이   내겐 무엇보다 소중했던 사람이  언제나 내 곁에 영원할것만 같았던   그 사람이 날 두고가네요  내 가슴이 죽을만큼 너무 아픈데  난 아직도 그대의 걱정뿐인데  나에게는 세상의 오직 한사람  그 사람이 날 떠나네요  내 사랑 그대여 거기 멈춰서요  나 지금 그대에게 가고 있어요  그대없이 난 이제   단 하루도 살지 못해서  가슴으로 운다  내가 정말 사랑했던 모습도   나를 누구보다 아껴주던 마음도  뒤를 돌아보면 서있을것만 같은데  돌아보면 그대가 없네요  바보같이 이런 내 속도 모르고 그 사람이 날 떠나네요 내 사랑 그대여 내말 들리나요   나 지금 미치도록 울고 있어요 미안해요 난 그대 모습 하나 잊지 못해서 그댈 불러본다 내가 잊지 못할 나의 사람아 듣지 못할 내 사람아 아  어디에 있나요 내게 돌아와요 나 지금 그대에게 가고있어요 지금 아니면 너를  후회하며 살 것 같아서 니가 마지막 사랑 같아서 제발 거기 멈춰서요 사랑해요 내 말 들리나요
2011.10.23~10.29,62,3488849,Good-bye Baby,미쓰에이,A Class,2011.07.18,Dance,박진영,"Good bye, baby good bye 뒤돌아서 그대로 앞으로 가면 돼 아무런 말도 하지 말고 이대로 사라져 주는 거야 Baby good bye, good bye 내 이름은 수지가 아닌데 자꾸만 실수로 수지라 부를 때 그때 알아 차려야 했어 왜 애써 너를 믿어 주려 했는지 몰라 니가 어떤 앤지 알았어 괜히 울지 마 너의 물건들 다 내놨어 연기는 이제 그만 Good bye, baby good bye 뒤돌아서 그대로 앞으로 가면 돼 아무런 말도 하지 말고 이대로 사라져 주는 거야 Good bye, baby good bye 즐거웠어 재미있었다고 생각할게 그러니 여기까지 하기 너의 쇼는 이제 끝난 거야 Baby good bye, good bye 친구들이 모두 다 말릴 때 그때 그 얘길 들었어야 했는데 왜 나는 너의 그 눈빛이 진실치 못하다는 걸 전혀 몰랐는지 뛰어난 너의 그 연기가 정말 놀라워 너무 뛰어나서 결국엔 날 울리고 말았어 Good bye, baby good bye 뒤돌아서 그대로 앞으로 가면 돼 아무런 말도 하지 말고 이대로 사라져 주는 거야 Good bye, baby good bye 즐거웠어 재미있었다고 생각할게 그러니 여기까지 하기 너의 쇼는 이제 끝난 거야 Baby good bye, good bye 어쩜 삐거덕 삐거덕 거리는 소리 하나도 없이 그렇게 구렁이 담 넘어가듯 부드럽게 날 속였지 참 대단한 쇼를 봤어 내가 니 덕에 표도 안 사고 다 공짜로 좋은 자리에 딱 하지만 No 이제는 Bye bye 뛰어난 너의 그 연기가 정말 놀라워 너무 뛰어나서 결국엔 날 울리고 말았어 Good bye, baby good bye 뒤돌아서 그대로 앞으로 가면 돼 그냥 아무런 말도 하지 말고 이대로 사라져 주는 거야 Good bye, baby good bye 즐거웠어 재미있었다고 생각할게 그러니 여기까지 하기 너의 쇼는 이제 끝난 거야 Baby good bye, good bye"
2011.10.23~10.29,63,3579333,Trick,소녀시대(GIRLS`GENERATION),`The Boys` The 3rd Album,2011.10.19,Dance,"MartinHansen,SARAH,SAMMCCARTHY,조윤경",Ladies &amp; Gentleman 숨을 죽이고 나를 지켜보는  저기 많은 사람들 기대감에 찬 막이 오르고 영문  모른 너는 어찌 할 줄 모르고 깜짝할 사이 비밀스러운 Trick  정신을 놔버릴 혼란스러운 Trick Heart Queen 내가 모르게  꼭꼭 감추려 해도 이미 내 손  안에 놀란 입 좀 다물어보자 넌 눈빛으로 ME ME ME ME  내 맘의 대답 YOU YOU YOU YOU 아득하게 외운 주문들이  네 안에 지친 맘을 녹여간다  비밀스런 여기 오직 너만이 내게  초대받은 자 두 눈 크게 뜨고서  둘러봐도 원 투 셋이 지나면  전부 어디 갔을까 이제 너는 내게만 집중해 쉿 착각하지 마 Magician은  나 무대 위를 사로잡는 카리스마야 겁먹지 말고 믿어보라고 위태위태  걱정일랑 넣어두라고 Spade King 너도 모르게  점점 빠져들어가 저기 과녁 위에 네가 묶인다 활활 불 길 타고 쿵쿵 속이  타고 나의 과녁 위에 오른  너를 겨누어 보자 넌 눈빛으로 ME ME ME ME  내 맘의 대답 YOU YOU YOU YOU 아득하게 외운 주문들이 네 안에  지친 맘을 녹여간다 비밀스런 여기 오직 너만이 내게  초대받은 자 두 눈 크게 뜨고서 둘러봐도 원 투 셋이 지나면 전부 어디 갔을까 이제 너는 내게만 깜짝할 사이 신비스러운 Trick  정신을 놔버릴 사랑스러운 Trick 넌 눈빛으로 ME ME ME ME  내 맘의 대답 YOU YOU YOU YOU 아득하게 외운 주문들이 네 안에  지친 맘을 녹여간다 비밀스런 여기 오직 너만이 내게 초대받은 자 두 눈 크게 뜨고서 둘러봐도 원 투 셋이 지나면 전부 어디 갔을까 이제 너는  내게만 집중해봐 Heart Queen 내가 모르게  꼭꼭 감추려 해도 이미 내 손 안에서 이미 내 안에서 Spade King 너도 모르게  점점 빠져들어가  저기 과녁 위에서 한 번 더 쉿
2011.10.23~10.29,64,3427926,살다가 한번쯤,포맨,The Artist,2011.06.07,Ballad,"윤민수,민연재",눈을 감기만 해도 눈물이 흘러 니가 보여서 많이 보고싶어서 I know 다 끝난 일인걸 같은 공간 같은 시간 같은 세상이지만 어딜 봐도 어딜 가도 너는 보이질 않아 살다가 한번쯤은 마주치기를 난 아직도 그곳에 살아 어디서 그 어디서 무얼하든지 건강하게 행복하게 살아 살아있단 것으로 정말 고마워 너의 소식이 내가 사는 이윤걸 I know 다 끝난 일인걸 다른 만남 다른 사람 사랑해도 괜찮아 누굴 만나 뭐가 됐건 너만 행복하면 돼 살다가 한번쯤은 마주치기를 난 아직도 그곳에 살아 어디서 그 어디서 무얼하든지 건강하게 행복하게 살아 한번만 딱 한번만 마주친다면 꼭 이 말 전해줄거야 태어나 너를 만나 고마웠다고 잘살라고 꼭 행복하라고
2011.10.23~10.29,65,3550111,In Heaven (Narr. 김정은),JYJ,IN HEAVEN,2011.09.15,Ballad,김재중,그만 갈게 가지마  곧 돌아올 거야 그러니까  거짓말 거짓말 아니야  내가 널 이만큼 사랑하는데  그 사랑 지금 보여줄 순 없겠니  사랑해  또 다시 사랑할 순 없겠니  지금 와선 말할 수가 없어  너의 기적 그 모든 게 환상 같아  마지막 니 모습 속  서서히 기억 속에만  잠겨져 가는 것만 같아  어딘가에서 날 보고 있을까  후회해도 늦어버려 볼 수 없어  추억의 그림자의  촉촉한 내 눈물들로  그 자릴 지켜보고 있어  그 말 못 해 정말 못 해  니가 내 옆에 있을 때만큼  미안한데 그게 안돼  이젠 모든 게 떨려와  조금 더 기다리다   꿈 속을 헤매이다  결국 니 안에서 눈을 감을까 봐  가지마 더 가지마  내 곁에 있어줄 수는 없니  거짓말 다 거짓말  전혀 들리지가 않아  사랑해 널 사랑해  한 마디 보여줄 수는 없니  사랑해 널 사랑해  또 다시 사랑해 주겠니  벌써 이렇게도 지나 왔어  너의 흔적 찾아봐도 지워졌어  마지막 니 기억도  눈물의 테옆 속으로  잠겨져 가는 것만 같아  이만 끝내 나를 끝내  니가 내 옆에 있지 않다면  미안한데 이만 갈게  이제 너의 길을 따라  끝 없는 길을 따라  널 찾아 헤 메이다  결국 너를 잃고서 슬퍼만 할까 봐  가지마 더 가지마  내 곁에 있어 줄 수는 없니  거짓말 다 거짓말  전혀 들리지가 않아  사랑해 널 사랑해  한 마디 보여줄 수는 없니  사랑해 널 사랑해  또 다시 사랑해 주겠니  가지마 가지마 있어줄 수 있니 거짓말 거짓말 들리지가 않아 사랑해 사랑해 보여줄 수 있니 사랑해 사랑해 사랑해 주겠니 가지마 가지마 있어줄 수 있니 거짓말 거짓말 들리지가 않아 사랑해 사랑해 보여줄 수 있니 제발 돌아와줘  가지마 더 가지마 내 곁에 있어줄 수는 없니 거짓말 다 거짓말 전혀 들리지가 않아 사랑해 널 사랑해 한 마디 보여줄 수는 없니 사랑해 널 사랑해 또 다시 사랑해 주겠니
2011.10.23~10.29,66,3584077,밑바닥에서 (feat. Bumkey),Tablo,"열꽃, Part 1",2011.10.21,Rap / Hip-hop,Tablo,오 이 세상의 눈물이 다 내 작은 눈가에 고이게 되더라도 너의 눈물까지  내가 대신 흘렸으면 해 하필 내 생의 밑바닥에서 날  만나게 된 네가 웃을 때마다  가슴이 아파 내겐 모든 게  죄책감 혹시나 반쪽 미소 아닐까  다른 세상 알지 못해 못다핀 미소  아닐까 넌 괜찮다고 하지만  괜찮음밖에 줄 수 없나봐 또 다시 난 이 작고  창피한 빈손 내밀기 싫어서 참 바보같이 난 네가 내민  손마저도 빈손이 되게 해 일찍 혹은 늦게 소식 좋은 그때 만날 수는 없었나 햇빛 돋은 숲의 진푸름 안에서  쉴 수 있었는데  이젠 내 먹구름아래서 나와 빗속을  걷는 내 사랑 불쌍한 사람 내 마음속은 이게 아닌데 내 불행의 반을 떼어가길 바래서  너의 반쪽이 된 건 아닌데 오 이 세상의 눈물이 다 내 작은 눈가에 고이게 되더라도 너의 눈물까지  내가 대신 흘렸으면 해 하필 내 생의 밑바닥에서  날 만나게 된 너의 울음소리가  가슴이 아파 내겐 달래주고 싶어도 지쳐  표정이 어두워 웃게 하지 못하고  울다 지쳐 잠든 널 눕혀 멈춰있는 내 두 손이  너의 시계인데 무너져 있는 건  내가 아닌 너의 미래인데  왜 자고 일어나면 달라지는 널  볼 때마다 한 치도 자라지 못한  내 현실만 생각나  미안해 수천수만 번을 말하고 또 미안해 이 좁은 방의 낮은 천장이  하늘이란 게  내가 너의 우산이자 비란 게 Goodnight goodnight Goodnight goodnight Goodnight goodnight Good mornin' 오 이 세상의 눈물이 다 내 작은 눈가에 고이게 되더라도 너의 눈물까지  내가 대신 흘렸으면 해 Baby I'll try 언젠가는 행복이 되어줄게 Try 언젠가는 최고가 되어줄게 Try 오늘까지는 말뿐이지만 girl I'll try Baby I'll try 언젠가는 세상을 다 줄게 Try 안된다면 세상을 바꿀게 Try 오늘까지는 말뿐이지만 girl I'll  try
2011.10.23~10.29,67,3570026,Desperado (Eagles),이정아,슈퍼스타K 3 Top11 Part 2,2011.10.10,Ballad,DonHenley(Eagles),desperado why don't you come to your senses you've been out ridin fences for so long now oh you're a hard one I know that you've got your reasons these things that are pleasin you can hurt you somehow don't you draw the queen of diamonds boy she'll beat you if she's able you know the queen of hearts is always your best bet now it seems to me some fine things have been laid upon your table but you only want the ones That you can't get desperado oh you ain't gettin no younger your pain and your hunger they're drivin you home and freedom oh freedom well that's just some people talkin your prison is walking through this world all alone don't your feet get cold in the winter time the sky won't snow and the sun won't shine it's hard to tell the night time from the day and you're losin all your highs and lows ain't it funny how the feelin goes away desperado why don't you come to your senses come down from your fences open the gates it may be rainin but there's a rainbow above you you'd better let somebody love you let somebody love you before it's too late
2011.10.23~10.29,68,3397448,비가 오는 날엔,비스트,비가 오는 날엔,2011.05.12,Ballad,"최규성,용준형",세상이 어두워지고 조용히 비가 내리면 여전히 그대로 오늘도 어김없이 난 벗어나질 못하네 너의 생각 안에서 이제 끝이라는 걸 알지만 미련이란 걸 알지만 이제 아닐 걸 알지만 그까짓 자존심에  널 잡지 못했던 내가 조금 아쉬울 뿐이니까 비가 오는 날엔 나를 찾아와 밤을 새워 괴롭히다 비가 그쳐가면 너도 따라서 서서히 조금씩 그쳐가겠지 취했나 봐  그만 마셔야 될 것 같애 비가 떨어지니까  나도 떨어질 것 같애 뭐 네가 보고 싶다거나  그런 건 아냐 다만 우리가 가진 시간이 좀 날카로울 뿐 네가 참 좋아했었던 이런 날이면 아직 너무 생생한  기억을 꺼내놓고 추억이란 덫에  일부러 발을 들여놔 벗어나려고 발버둥조차  치지 않아 이제 너를 다 지워냈지만 모두 다 비워냈지만 또다시 비가 내리면 힘들게 숨겨놨던  너의 모든 기억들이 다시 돌아와 널 찾나 봐 비가 오는 날엔 나를 찾아와 밤을 새워 괴롭히다 비가 그쳐가면 너도 따라서 서서히 조금씩 그쳐가겠지 너에게로 이젠 돌아갈 길은 없지만 지금 행복한 너를 보며 난 그래도 웃어볼게  널 잡을 수 있었던 힘이 내겐 없었으니까 비가 오는 날엔 나를 찾아와 밤을 새워 괴롭히다 비가 그쳐가면 너도 따라서 서서히 조금씩 그쳐 가겠지 어차피 끝나버린 걸 이제 와 어쩌겠어 뒤늦게 후회나 하는 거지  덜떨어진 놈처럼 비는 항상 오니까  계속 반복되겠지 그치고 나면 그제서야  나도 그치겠지 비는 항상 오니까  계속 반복되겠지 그치고 나면 그제서야  나도 그치겠지
2011.10.23~10.29,69,3572892,문나이트 (Feat. D.O),UV,문나이트90,2011.10.13,Dance,,a-yo baby 애기 내 얘기들어봐 전설의 춤꾼이야기 니네들이 추는 그 춤이야기 그거 다 옛날에 있던춤이야 아름다운 이태원 금수강산에 현진영고 진영고 터잡으시고 양군아저씨와 주노 사라지더니 서태지와 아이들로 돌아오셨네 미국에서 오셨다는 Deux forever 히비리 디비리  히비리 디비리  힙합 Duex gotta going on 아픈 내 가슴을 이비에 씻으려 꿍따리 샤바라 빠빠 흥겨운 노래에 아빠 클론 is 복제인간 돌아와 클론 돌아와 Dj 뮤직 아하 누가 음악 잘틀었지  신철 신철하고 누가있지  DOC doc말고 누가있지 김기덕 Moonnight Delight  boogie woogie night  back to the old school Moonnight Delight  boogie woogie night  back to the oldschool 그때까진 잘 몰랐지 JYP 춤추는 학생회장 JYP Moonnight 안에서  우린 추억을 나눴지 날개잃은 천사 룰라 이상해 궁금해 나나나나나 잼 나나나나나 잼 Moonnight 여자얘기 들려줄까 그 여자가 누구인지 내게 말해봐 이름이 촌스러워 못말하겠어 차라리 미애라고 내게 말해줘 Moonnight Delight boogie woogie night  back to the old school Moonnight Delight  boogie woogie night  back to the old school Moonnight 물나이트말고  Moonnight 전설의 Moonnight Moonnight 리버사이드 말고  Moonnight 전설의 Moonnight Moonnight 리버사이드 거기 말고  Moonnight 전설의 Moonnight Moonnight 신사역 사거리말고  Moonnight 지금도 떠올리면 그때처럼  두근데는 가슴 모두가 함께 같은  엇박자를 탔던 처음 가쁜 숨 속에 춤을 추며 차츰  깨닳아 내것이 된 어떤  Black Funky Rythme 시간은 되돌아서 다시 찾아 와서 자 이젠 여기 함께 모여  그 순간을 느껴 Duex Forever the Moonnight Forever 두 눈과 귀를 전부 열어  Now on Ever Moonnight Delight  boogie woogie night  back to the oldschool Moonnight Delight  boogie woogie night  back to the old school  Moonnight Delight   Moonnight Delight   Moonnight Delight   Moonnight Delight   Moonnight
2011.10.23~10.29,70,485727,Brown City,브라운아이드소울,Soul Free,2003.09.17,R&B / Soul,김태윤,Brown City  저문 햇살이 아직 꺼지기 전에  희미하게나마 사라질듯 남아  아직은 이 거리를 밝혀주는 지금  갈색 빛으로 물든 이 도시에 남아  이 거리에 남아 세상을  바라보며 걸어가네  카페 간판 위로 깜빡이는 불빛  바쁜 걸음으로 집에 가는 사람  극장 앞에 모인 연인들의 얼굴   거리 위엔 벌써 불을  밝힌 노점들  가로등이 켜지고 켜지고  꺼진 불빛아래 켜진 달빛 아래  어둠을 밀어내듯 밝아오는 지금  골목길을 뛰노는 고동 빛에  물든 아이들의 얼굴  가만히 저 멀리서 바라보네  술집 불빛 아래 사람들의 웃음  저녁 장을 보는 시장 속의 풍경  한껏 멋을 부린 차를 타는 남자  아직 혼자 남아 일을  하는 사람까지  Life I wanna feel my life  Walking in the city living in  the city lights  카페 간판 위로 깜빡이는 불빛  바쁜 걸음으로 집에 가는 사람  극장 앞에 모인 연인들의 얼굴   거리 위엔 벌써 불을  밝힌 노점들  술집 불빛 아래 사람들의 웃음  저녁 장을 보는 시장 속의 풍경  한껏 멋을 부린 차를 타는 남자  아직 혼자 남아 일을 하는  사람까지  카페 간판 위로 깜빡이는 불빛  바쁜 걸음으로 집에 가는 사람  극장 앞에 모인 연인들의 얼굴   거리 위엔 벌써 불을  밝힌 노점들  술집 불빛 아래 사람들의 웃음  저녁 장을 보는 시장 속의 풍경
2011.10.23~10.29,71,3581134,꿈을 뺏고 있는 범인을 찾아라,YB,꿈을 뺏고 있는 범인을 찾아라,2011.10.20,Rock,윤도현,찾아도 찾아도 잡히지는 않고 답답한 내 속은 점점  타들어만 가고 친구 잘 모르겠고 나만 빼고 모두가 다  범인인 것 같고 그런 부정적인 생각들만 가득하고 꿈을 뺏고 있는 범인을 찾아라 생각보다 그 놈은  네 가까이에 있을거다 도대체 누굴까 내 꿈을 뺏는 자 친구 녀석들일까  아니면 힘 센 어른들일까 오오 오오오오 오오 누가 용의자일까 범인을 찾아서  헤매고 난리를 쳤는데 엉뚱하게 잡혔네  어쨌든 범인을 잡았네 그렇지만 그렇게 기쁘지 않았네 왜냐면 그 범인은 바로  나였다네 나였다네 다 내 마음이야  내 맘이야 다 내 맘이야 갖는 거 버리는 거  모든 게 다 네 맘 네 맘대로 You wanna come with me Come on 저 놈 잡아라 오오 오오오오 오오 오오오오 오오 오오오오 오오 누가 용의자일까 다 내 마음이야  내 맘이야 다 내 맘이야 갖는 거 버리는 거  모든 게 다 네 맘 네 맘대로 다 내 마음이야  내 맘이야 다 내 맘이야 갖는 거 버리는 거  모든 게 다 네 맘 네 맘대로
2011.10.23~10.29,72,3582508,사랑했다..사랑한다,M.Street,사랑했다..사랑한다,2011.10.21,Ballad,박정원,잊으려고 노력해도  자꾸 떠오르는 너의 모습 이젠 정말 잊으려고 해 그러다가 또 너와 함께 찍은 사진  한장이라도 나오면 나 그날 그 기억속으로  들어가서 아파하고 널 사랑한다고 말 못하고 소리치고 상처주던 그런 못난 나 널 위해 해준게 없어 나 이렇게  아파하고 있잖아 Baby baby baby 미안해요  나 때문에 사랑해  이 말 한마디를 못하고  후회하고 있잖아 Love you Love you Love you  Loving you 니가 써줬던 편지 한 통 속에  들어있는 너의 예쁜 마음 나 눈물 안경으로  이제서야 그 마음 느끼고 늘 미안하다고 말 못하고 소리치고  상처 주던 그런 못난 나 널 위해 해준게 없어 나 이렇게  아파하고 있잖아 Baby baby baby 미안해요  나 때문에 사랑해  이 말 한마디를 못하고  후회하고 있잖아 Love you Love you Love you  Loving you 나만 바라보고 바라보고 사랑했던 사랑했던 그런 너를 이젠 볼 수 없는걸 널 위해 해준게 없어 나 이렇게  아파하고 있잖아 Baby baby baby 미안해요  나 때문에 사랑해  이 말 한마디를 못하고  후회하고 있잖아 Love you Love you Love you  Loving you Loving you
2011.10.23~10.29,73,3586653,그저 너 하나,서영은,그...,2011.10.25,Ballad,서영은,자꾸 가슴속에 비가 내린다 닦고 닦아내도 마르질 않아 그저 너 하나 그저 너 하나 I want you  I want you 시간이 흘러도 너만 'cause I will be fine 괜찮아질 거란 뻔한 거짓말 알면서도 서로 하는 거짓말 넌 모른 척 그대로 떠난다 내 속만 태운다 'cause I will be fine 괜찮아질 거란 뻔한 거짓말 끝도 없이 혼자 하는 거짓말 웃기지마 넌 바보야 그대로 보낸다 눈물만 남았다 사랑하면서도 자꾸 가슴 속에 네가 보인다 질끈 감을수록 또렷해진다 그저 너 하나 그저 너 하나 I want you  I want you 시간이 흘러도 세상이 다해도 나는 너만 'cause I will be fine 괜찮아질 거란 뻔한 거짓말 알면서도 서로 하는 거짓말 넌 모른 척 그대로 떠난다 내 속만 태운다 'cause I will be fine 괜찮아질 거란 뻔한 거짓말 끝도 없이 혼자 하는 거짓말 웃기지마 넌 바보야 그대로 보낸다 눈물만 남았다 사랑하면서도 아파도 난 미워도 난 온종일 네 생각에 눈물 나 널 보고 싶어 'cause u were never mine 사랑한적 없단 독한 너의 말 알면서도 서로 하는 거짓말 넌 아닌 척 고개를 돌린다 사랑을 버린다 'cause u were never mine 사랑한 적 없단 독한 거짓말 끝도 없이 혼자 하는 거짓말 비수처럼 날 찔러서 고개를 떨군다 모든 걸 버린다 사랑하면서도 뻔한 거짓말로
2011.10.23~10.29,74,3579321,텔레파시 (Telepathy),소녀시대(GIRLS`GENERATION),`The Boys` The 3rd Album,2011.10.19,Dance,김부민,"oh 텔레파시 doo doo doo 두근 또 두근 이모션 감출 수 없어 어디선가 본 듯한 너의 눈빛 데자부 샤르르 내 입술에 녹은 주문이  들리니 들리니 신비로운 향기가 온몸을 감싸   하늘로 날아 올라 둘 만의 비밀 달콤 쌉싸름한 러브 스토리 너를 향해 어때 들리니  나의 텔레파시 두 눈을 감아 상상해봐  뭐든 너의 스토리 원하고 또 바라는 대로 너의 텔레파시 살금 또 살금 내 모션 놀리진 마요 꿈에서도 꿈꿔온 너와 나 오 랑데뷰 스르륵 니 마음에 보낸 신호가  doo doo doo, doo doo doo 짜릿한 첫 키스를 떠올리게 해  내게로 다가와요 수줍은 고백 햇살 가득 품은  나의 멜로디 떨려와요 지금 이 순간  나의 텔레파시 내 손을 잡아 만들어요  너와 나의 스토리 언제나 니 곁에 있을게  oh 텔레파시 doo doo doo 콩닥콩닥해 자꾸 내 심장은  커다란 팝콘 같아 점점 더 널 향한 사랑에 터질듯해 둘 만의 비밀 달콤 쌉싸름한  러브 스토리 너를 향해 어때 들리니  나의 텔레파시 두 눈을 감아 상상해봐 뭐든  너의 스토리 원하고 또 바라는 대로  너의 텔레파시 doo doo doo 들리나요 Never, ever stop falling in love"
2011.10.23~10.29,75,3452769,내가 제일 잘 나가,2NE1,내가 제일 잘 나가 (Digital Single),2011.06.24,Dance,TEDDY,내가 제일 잘 나가 내가 제일 잘 나가 내가 제일 잘 나가 내가 제일 잘 나가 제 제 제일 잘 나가 Bam Ratatata Tatatatata Bam Ratatata Tatatatata Bam Ratatata Tatatatata Bam Ratatata Tatatatata Oh my god 누가 봐도 내가 좀 죽여주잖아  alright 둘째가라면 이 몸이 서럽잖아 alright 넌 뒤를 따라오지만 난 앞만 보고 질주해 네가 앉은 테이블 위를 뛰어다녀 I don’t care 건드리면 감당 못해 I’m hot hot hot hot fire 뒤집어지기 전에 제발 누가 날 좀 말려 옷장을 열어 가장 상큼한 옷을 걸치고 거울에 비친 내 얼굴을 꼼꼼히 살피고 지금은 여덟 시 약속시간은 여덟 시 반 도도한 걸음으로 나선 이 밤 내가 제일 잘 나가 내가 제일 잘 나가 내가 제일 잘 나가 내가 제일 잘 나가 제 제 제일 잘 나가 내가 봐도 내가 좀 끝내주잖아 alright 네가 나라도 이 몸이 부럽잖아 alright 남자들은 날 돌아보고 여자들은 따라해 내가 앉은 이 자리를 매일 넘봐 피곤해 선수인척 폼만 잡는 어리버리한 Playa 넌 바람 빠진 타이어처럼 보기 좋게 차여 어떤 비교도 난 거부해 이건 겸손한 얘기 가치를 논하자면 난 Billion dollar baby 뭘 쫌 아는 사람들은 다 알아서 알아봐 아무나 잡고 물어봐 누가 제일 잘 나가 내가 제일 잘 나가 내가 제일 잘 나가 내가 제일 잘 나가 내가 제일 잘 나가 제 제 제일 잘 나가 누가 네가 나보다 더 잘 나가 No no no no Na na na na  누가 네가 나보다 더 잘 나가 No no no no Na na na na  누가 네가 나보다 더 잘 나가 No no no no Na na na na  누가 네가 나보다 더 잘 나가 No no no no Na na na na  Bam Ratatata Tatatatata Bam Ratatata Tatatatata Bam Ratatata Tatatatata Bam Ratatata Tatatatata Bam Ratatata Tatatatata Oh my god
2011.10.23~10.29,76,3579332,Say Yes,소녀시대(GIRLS`GENERATION),`The Boys` The 3rd Album,2011.10.19,Dance,YOUNGH.KIM,"Boy, I see you walking  by everyday So, just stop in the name  of love and just say yes Say yes say yay yay yay yes 별이 쏟아지는 하늘을 보면  생각나는 소원이 있죠 간절한  마음에 혼자 들떴나요 Stop 어지러운 세상 속에서라도  그대 곁에 있을 수만 있다면  난 어디든 따라갈래요 사실 두려워서 모자라서 상처가 아플 것 같아서 쉽게 표현 못하는 아픈 가슴  그댄 아나요 Can you feel my heart  Can you read my mind  눈빛으로 난 벌써 고백했잖아요 오랫동안 닫아둔 맘을  십 초간만 열어둘 테니  망설이지 말고 just say yes Oh baby give it to me right now 변해가는 세상 속에서 Baby  그대 품에 꼭 안아주면 maybe  언제나 함께 할게요 많이 힘든가요 지쳤나요 사랑의 상처가 많나요 쉽게 표현 못하는 아픈  그대 맘 난 알아요 Can you feel my heart Can you read my mind  눈빛으로 난 벌써 고백했잖아요 오랫동안 닫아둔 맘을  십 초간만 열어둘 테니  망설이지 말고 just say yes Oh 뜨거워지는 내 얼굴 책임져요 Baby I'll be waiting  사랑한다고 말해죠  baby say iye iye ah Can you feel my heart  Can you read my mind  눈빛으로 난 벌써 고백했잖아요 오랫동안 닫아둔 맘을  십 초간만 열어둘 테니  망설이지 말고 just say yes 오랫동안 닫아둔 맘을  십 초간만 열어둘 테니 망설이지 말고 just 망설이지 말고 just 망설이지 말고 just say yes"
2011.10.23~10.29,77,3579334,봄날 (How Great Is Your Love),소녀시대(GIRLS`GENERATION),`The Boys` The 3rd Album,2011.10.19,Ballad,"수영(SOOYOUNG),JEANNA,JENZYE",봄날 같은 미소에 온 세상이  환해져요 날 다시 또 꿈꾸게 해요 햇살이 반짝이는 날 그대 손에  깍지 끼고 발걸음을 맞춰 걸어요 가끔 내가 앞서 걷다가  문득 뒤를 돌아보면 나를 보는 그 얼굴에  나 눈이 부시죠 봄이 오는 소리 들리면  꽃이 핀 길 따라 걸어요 비 내리는 여름이 오면  무지개만 보며 걸어요 가을 지나 겨울이 와도 손에  전해지는 온기로 따스함으로 함께 걸어가요  How great is your love 하늘을 닮은 사랑이 나에게도  주어지길 난 언제나 기다려왔죠 별빛이 반짝이는 날 노래하는 저  새들의 멜로디에 맞춰 걸어요 돌고 도는 네 계절의  반복되는 비밀처럼 변함없는 그 사랑에 나 눈이 부시죠 봄이 오는 소리 들리면  꽃이 핀 길 따라 걸어요 비 내리는 여름이 오면  무지개만 보며 걸어요 가을 지나 겨울이 와도 손에  전해지는 온기로 따스함으로 함께 걸어가요  How great is your love 세상에 지쳐있던 내게  밝은 빛이 되어준 그대 함께 걷는 좁은 길 끝에  다시 또 겨울이 온대도 그대 내 손 잡아준다면 나에게  이 거친 세상도 봄날 같은걸 How great is your love How great is your love
2011.10.23~10.29,78,3569455,체념 (With 이영현) (빅마마),윤민수,[나는 가수다] 경연10-1. `듀엣곡 부르기`,2011.10.09,R&B / Soul,이영현,행복했어 너와의 시간들  아마도 너는 힘들었겠지  너의 마음을 몰랐던 건 아니야  나도 느꼈었지만  널 보내는게 널 떠나 보내는게  아직은 익숙하지가 않아  그렇게 밖에 할 수 없던 니가   원망스러워  왜 말 안했니 아님 못 한거니  조금도 날 생각하지 않았니  좋아한다며 사랑한다며  이렇게 끝낼 거면서   왜 그런 말을 했니 널 미워해야만 하는 거니 아니면 내 탓을 해야만 하는거니  시간을 돌릴 수만 있다면  다시 예전으로 돌아가고 싶은   마음뿐이야  돌아가고 싶은 마음뿐이야 왜 말 안했니 아님 못 한거니 조금도 날 생각하지 않았니 좋아한다며 사랑한다며 이렇게 끝낼 거면서 왜 그런 말을 했니 널 미워해야만 하는 거니 아니면 내 탓을 해야만 하는 거니 시간을 돌릴 수만 있다면 다시 예전으로 돌아가고 싶은  마음뿐이야 그래 더 이상 묻지 않을게 내 곁을 떠나고 싶다면 돌아보지 말고 떠나 가 눈물은 흘리지 않을게 괜히 마음만 약해지니까 내게서 멀어진 니 모습이 흐릿하게 보여 눈물이 나나 봐 눈물이 나나 봐 널 많이 그리워 할 것같아 참아야만 하겠지 잊혀질 수 있도록 다신 사랑 같은 거 하지 않을래 내 마지막 사랑은 돌아선  너에게 주고 싶어서 행복하길 바래 행복하길 바래 나 보다 좋은 여자  나 보다 좋은 남자 만나기를
2011.10.23~10.29,79,3579337,Top Secret,소녀시대(GIRLS`GENERATION),`The Boys` The 3rd Album,2011.10.19,Dance,"홍지유,SharonVaughn,GABRIELLAJELENAJANGFELDT,MATHIASPETER,PETERLARSWENNERBERG",Listen up 기가 차 정말 솔깃해  내미는 증거 한참 동안 날 쫓아 미행한  널 다시 봤어 왠지 네가 서먹서먹 넌 나 몰래 뒤를 캤지 나의  Privacy 자꾸 왜 들춰 지겨워 나를 향해 내민 돋보기 사랑으로  포장된 Hysterie Oh no 겁 없이 많이 알면 다쳐 Top Top Top Secret 누구와 만나서 놀든 머리 Style  어디서 하든 다 털어봐 먼지 하나 안나  난 자유롭게 숨쉬는 게 소원 소원 거짓 정보를 제공했지  여잔 적당히 감춰야 훨씬 새롭게 네 눈앞엔 언제나 빛나지  무결점의 완벽한 Mystery Oh boy 나 없이 풀어야 할 숙제  Top Top Top Secret 너 안볼 땐 긴장 풀고 있어  네가 없을 땐 성격도 좀 있고 너 몰래 네가 모르게  한눈 판 적 있어  너 몰래 너와 만날 때  단점 싹 지웠어 그만둬 check check check check  check check check check  조금 속였지만 속 끓고 짜릿한  밀고 당김은 사랑의 마스터플랜 너의 그 조급함 다 알아 걱정 마  나의 비밀은 조금씩 꺼내줄게 나를 향해 내민 돋보기 사랑으로  포장된 Hysterie Oh no 겁 없이 많이 알면 다쳐  Top Top Top 여전히 네 눈앞엔 언제나 빛나지  무결점의 완벽한 Mystery Oh boy 나 없이 풀어야 할 숙제  Top Top Top Secret
2011.10.23~10.29,80,3488667,내꺼하자,인피니트,Over The Top,2011.07.21,Dance,송수윤,지켜봐 왔잖아 니 사랑을 긴 이별을 늘 상처받을 바엔 난 게 나아 똑바로 봐 우는게 싫어서 그래 아픈게 힘들어 그래 그런 널 볼 때마다 내꺼 하자 내가 널 사랑해 어 내가 널 걱정해 어 내가 널 끝까지 책임질게 내꺼 하자 니가 날 알잖아 어 니가 날 봤잖아 어 내가 널 끝까지 지켜줄게 Do you hear me Do you hear me oh 젖은 기억 박힌 눈길 끝 내 품에서 죽길 바래 잘린 마음이 흘린 눈물 삼키는 건 나지막이 들린 너라도 감추는 나 넘친다 생각해 넌 나에게 늘 그랬어 니 상처가 늘수록 커지는 맘 내게로 와 웃는게 좋아서 그래 편하게 해주려 그래 적어도 나만은 널 내꺼 하자 내가 널 사랑해 어 내가 널 걱정해 어 내가 널 끝까지 책임질게 같이 가자 힘든길 걷지마 어 쉽지 않았잖아 어 다시는 그런 널 보기 싫어 내꺼 하자 내가 널 사랑해 어 내가 널 걱정해 어 내가 널 끝까지 책임질게 다투진 않을까 상처 또 안을까 끊임 없는 아픈 고리에 항상 소리 없는 전쟁 넌 무리해 걱정의 방패로 난 니 앞에 나는 달 처럼 니 주윌 돌고 돌아 불이 꺼져 버린 니 사랑은 놓고 날 봐 깊이 패여 버린 상처 덮어줄게 웃게할게 내걸로 만들게
2011.10.23~10.29,81,3565219,못찾겠다 꾀꼬리 (조용필),김경호,[나는 가수다] 경연9-2. `조용필 스페셜`,2011.10.02,Rock,김순곤,못찾겠다 꾀꼬리 못찾겠다 꾀꼬리 어두워져 가는 골목에 서면  어린 시절 술래잡기 생각이 날꺼야 모두 숨어버려 서성거리다  무서운 생각에 나는 그만 울어버렸지 못찾겠다 꾀꼬리 꾀꼬리 꾀꼬리  나는야 오늘도 술래   못찾겠다 꾀꼬리 꾀꼬리 꾀꼬리  나는야 언제나 술래  하나 둘 아이들은 돌아가 버리고  교회당 지붕위로 저 달이 떠올 때  까맣게 키가 큰 전봇대에 기대 앉아  얘들아 얘들아 얘들아 얘들아  엄마가 부르기를 기다렸는데  강아지만 멍멍 난 그만 울어버렸지  그 많던 어린 날의 꿈이 숨어버려  잃어버린 꿈을 찾아 헤매는 술래야  이제는 커다란 어른이 되어  눈을 감고 세어보니  지금은 내 나이는  찾을 때도 됐는데 보일 때도 됐는데  얘들아 얘들아 얘들아 얘들아  못찾겠다 꾀꼬리 꾀꼬리 꾀꼬리  나는야 오늘도 술래    못찾겠다 꾀꼬리 꾀꼬리 꾀꼬리  나는야 언제나 술래   못찾겠다 꾀꼬리 나는야 술래  못찾겠다 꾀꼬리나는야 술래  나는야 술래
2011.10.23~10.29,82,3579340,비타민 (Vitamin),소녀시대(GIRLS`GENERATION),`The Boys` The 3rd Album,2011.10.19,Dance,황현,머쓱하게 흘린 미소 힘없이 쳐진  두 어깨 금방이라도 울 듯한  너의 모습을 봤어 너답지 않게 왜 그러니  나 같은 애도 잘사는데 처음부터 전부 잘되면 재미없어 자 내 손잡고 눈물 콧물 짰던 길었던 밤은 잊고  이젠 웃어 숨차게 달린 너의 지난날이 있잖아  그 진심은 절대 배신 안 해 V I T A M I N 널 위한  내 작은 선물하나 난 너의 비타민 널 응원할게  사랑해 너의 열정을 믿어 가타부타 그런 말하진 말아  니가 원하는 게 진정 진리야 이러쿵저러쿵 널 흔드는 말  상관하지 말고 미래의 널 봐 하늘을 향해 웃음 짓던  그 모습에 난 반했었어 해맑던 그때 너로 돌아가 줘 자 내 손잡고 눈물 콧물 짰던 길었던  밤은 잊고 이젠 웃어 숨차게 달린 너의 지난날이 있잖아  그 진심은 절대 배신 안 해 넘어지면 어때 다시 툭 털고 으쌰 일어나자 난 너의 비타민 널 응원할게  사랑해 너의 열정을 믿어 가타부타 그런 말하진 말아  니가 원하는 게 진정 진리야 숨이 찰 땐 쉬어가 그래 너무  걱정하지마 우린 먼 여행의  끝에선 또 웃을 테니까 자 눈물 닦고 끝없이 펼쳐진 이 험한 길이  널 힘들게 해도     다 괜찮아 움츠렸던  날개를 다시 쭉 펴  oh 세상을 전부 가져보자 V I T A M I N 널 위한  내 작은 선물하나 난 항상 네 편 꼭 기억해줘 사랑해 나는 너의 비타민
2011.10.23~10.29,83,3467463,바람났어 (Feat. 박봄),GG(박명수&amp;G-Dragon),무한도전 서해안 고속도로 가요제,2011.07.02,Dance,"TEDDY,E.Knock,G-DRAGON",Oh G-Dragon A-yo Great Park 뭐해요 딱히 오늘 파티있는데 같이 갈래요 책임 질꺼야 Yeah 한번 놀아볼까 출바알 오늘 밤 나 바람났어 친구 따라 강남 갔어 여름도 다가왔으니 왕자가 돌아왔어 나도 제대로 바람났어 놀고 싶어 안달났어 열광의 도가니 신나는 분위기 우린 지금 야단났어 난 바람났어 난 바람났어 미 미안해 엄마 용서해 엄마 오늘 밤 전화 다 꺼 I'm on fire 우린 좀 바빠  hey 민서 아빠 웃어봐 하하 하하하 허파에 바람찼어 난 바람났어 난 바람났어 오늘 같은 Saturday night 미친 듯이 노는 거야 Oh baby oh oh baby 바람아 더 불어다오 내게로 한 여름에 party tonight 뛰어 높이 가는 거야 Oh baby oh oh baby 하늘을 날자 Let's go  Let's go  Let's go  Let's go  Let's go  Come on 오늘 밤 또 바람났어 친구 따라 강북갔어 UV는 이태원 갔어 우리 둘은 홍대에 왔어 발바닥에 불이났어 정신 나간 우리라서 나 오랜만에 물 만났어 물고긴 줄 알았어 매력이 넘쳐 스타일 멋져 swag swag 동해도 번쩍 서해도 번쩍 이런 남자들 만나봤어 우린 바람났어 우린 바람났어 우린 바람났어 우린 바람났어 오늘 같은 Saturday night 미친 듯이 노는 거야 Oh baby oh oh baby 바람아 더 불어다오 내게로 한 여름에 party tonight 뛰어 높이 가는 거야 Oh baby oh oh baby 하늘을 날자 늦바람났어
2011.10.23~10.29,84,3516563,Mr. Simple,SUPERJUNIOR(슈퍼주니어),`Mr. Simple` The 5th Album,2011.08.02,Dance,유영진,"Because You Naughty, Naughty Hey Mr. Simple Because You Naughty, Naughty 슈주 간다 세상이 내 맘대로 안 된다고 화만 내면 안 돼 그럴 필요 없지 걱정도 팔자다 작은 일에 너무 연연하지 말자 몸에 좋지 않아 성적이 좋았다가 나빴다가 그런 거지 뭐 흥 실적이 올랐다가 떨어졌다 그런 때도 있지 어쩌면 괜찮아 쉬어 가는 것도 좋아 모든 것이 때 때 때 때 때가 있는 거니까 그대가 남자라면 친굴 만나  술 한 잔에 털어버리고 Alright Alright 그대가 여자라면 친굴 만나 수다 떨어 날려버리고 Alright Alright, Alright 봐라 Mr. Simple, Simple 그대는 그대는 그대로 멋져 봐라 Miss Simple, Simple 그대는 그대로 예뻐 S J Call 봐라 Mr. Simple Simple 그대는 그대는 그대로 멋져 봐라 Miss Simple, Simple 그대는 그대로 예뻐 S J Call 가자 가자 어서 가자 막혔을 땐 돌아가자 골치 아파 죽겠다면 오늘 하루만 놀고 보자 안 그래도 거친 세상 죽어라 뛰면 나만 지쳐 기다려봐 아껴둬 봐 너의 날이 곧 올 테니까 Blow Your Mind 가라 Mr. Simple Blow Your Mind 때가 왔잖아 두려워 말고 Blow Your Mind 가자 Mr. Simple Blow Your Mind 때가 왔잖아 준비 됐잖아 속 썩는 일이 한 두 가지 아닌 세상에 우린 살아 그건 애도 알아 뭐 이렇게 어렵나 우리 잘 먹고 잘 자고 또 잘하면 그렇게 하면 되지 그대가 화가 나면 친굴 만나 뒷담화로 풀어버리고 Alright Alright 그대가 괴롭다면 노래 불러 소리 질러 날려버리고 Alright Alright, Alright 봐라 Mr. Simple, Simple 그대는 그대는 그대로 멋져 봐라 Miss Simple, Simple 그대는 그대로 예뻐 S J Call 봐라 Mr. Simple, Simple 그대는 그대는 그대로 멋져 봐라 Miss Simple, Simple 그대는 그대로 예뻐 S J Call Dance 자유란 게 뭐 그리 별거 있나 Just Get It Get It 소소한 일탈의 재미 둥둥둥 쿵쿵쿵 살아있는 그댈 느끼고 싶나 Just Grab It Grab It 가슴 뛰는 내 꿈들의 얘기 둥둥둥 쿵쿵쿵 Because You Naughty, Naughty 이제 걱정 하지마 앞엔 좋은 날이 올 거야 심각한 얘긴 다 뒤로 미뤄두고 오늘은 밝게 웃어봐 그대의 환한 웃음에 모두 기분 좋아져 봐라 Mr. Simple, Simple 그대는 그대는 그대로 멋져 봐라 Miss Simple, Simple 그대는 그대로 예뻐 S J Call 봐라 Mr. Simple, Simple 그대는 그대는 그대로 멋져 봐라 Miss Simple, Simple 그대는 그대로 예뻐 S J Call 가자 가자 어서 가자 막혔을 땐 돌아가자 골치 아파 죽겠다면 오늘 하루만 놀고 보자 안 그래도 거친 세상 죽어라 뛰면 나만 지쳐 기다려봐 아껴둬 봐 너의 날이 곧 올 테니까 Blow Your Mind 가라 Mr. Simple Blow Your Mind 때가 왔잖아 두려워 말고 Blow Your Mind 가자 Mr. Simple Blow Your Mind 가라 Mr. Simple"
2011.10.23~10.29,85,3579338,Lazy Girl (Dolce Far Niente),소녀시대(GIRLS`GENERATION),`The Boys` The 3rd Album,2011.10.19,Dance,"김태윤,LucasSecon,MIKKELREME,THOMAS","I'm a lazy girl yeah, yeah I'm a lazy girl I'm a lazy girl 화장 따윈 하지 않죠  뻗친 머리도 상관없어요 밥만 먹고 티빌 봐요  아무것도 하기 싫어요 숨 가쁘던 내 일상들도  부딪히는 많은 사람들도 늘 쉴 새 없는 벅찬 사랑도  좀 잊어볼래 잠깐 쉬어볼래 오늘 하루 나는 Lazy girl  그 누구도 나를 찾지 말아요 나는요 Lazy girl 오늘만은  사랑도 좀 귀찮죠 가끔은 좋은걸 바쁜 날 속에 이 달콤한 취미 소파에 누워 노랠 하곤 해요  눈부신 햇살 반쯤만 눈뜨고 군것질도 좋아요 다이어트도 Stop 딱 오늘만요 숨 가쁘던 내 일상들도  부딪히는 많은 사람들도 쉴 새 없는 벅찬 사랑조차  좀 잊어볼래 좀 쉬어볼래 오늘 하루 나는 Lazy girl  그 누구도 나를 찾지 말아요 나는요 Lazy girl  오늘만은 사랑도 좀 귀찮죠 가끔은 좋은걸 바쁜 날 속에 이 달콤한 취미 12시 너머까지 늦잠자기 Oh no no 애인도 오늘만은 안 찾기 Oh no no 인터넷 스마트폰 하지 않기 하나 더 오늘 일 내일로 다 미루기 오늘 하루 나는 Lazy girl  그 누구도 나를 찾지 말아요 나는요 Lazy girl  오늘만은 사랑도 좀 귀찮죠 가끔은 좋은걸 바쁜 날 속에  이 달콤한 취미 I'm lazy girl so lazy girl I'm lazy girl so lazy girl I'm lazy girl so lazy girl I'm lazy girl I'm a lazy girl lazy girl lazy girl"
2011.10.23~10.29,86,3584076,밀물 (Scratch by DJ Friz),Tablo,"열꽃, Part 1",2011.10.21,Rap / Hip-hop,Tablo,위기에 처한 그대 다 떠밀려가는데 물결에 저항을 해 세상은 어항인데 어느덧 스물인데 낚싯바늘을 피해 안도의 숨을 쉬네 세상은 그물인데 Swim swim swim away 내 꿈이 그대 안에서 Dive 익사해 Swim swim swim away 내 삶이 그대 안에서 Dive 익사해 모든 선을 가로채 반듯함을 강요해 직선이 되라고 휘어진 자로 재 달리라고 해 사방이 벽인데 벽돌을 얹이면서 등을 떠미네 넌 별인데 어른들의 헛된 소원 때문에  별똥별이 돼 너에게 삽을 건네준  손이 손가락질 해 스스로 무덤 판 거래 Swim swim swim away 내 꿈이 그대 안에서 Dive 익사해 Swim swim swim away 내 삶이 그대 안에서 Dive 익사해 위기에 처한 그대 다 떠밀려가는데 물결에 저항을 해 세상은 어항인데 어느덧 스물인데 낚싯바늘을 피해 안도의 숨을 쉬네 세상은 그물인데 위기에 처한 그대 다 떠밀려가는데 물결에 저항을 해 세상은 어항인데 어느덧 스물인데 낚싯바늘을 피해 안도의 숨을 쉬네 세상은 그물인데 Swim swim swim away 내 꿈이 그대 안에서 Dive 익사해 Hold your breath Swim swim swim away 내 삶이 그대 안에서 Dive 익사해 Now breath 익사해 Now breath 익사해 Now breath 익사해
2011.10.23~10.29,87,3553178,"Who Am I (Feat. 유희열, 정재형)",UV,Who Am I,2011.09.20,Ballad,,1972년 9월 31일 날씨 흐림 나는 여자친구가 있다 그리고 내 여자친구는  남자친구가 있다 내가 아닌 오늘 우연히 너를 보았어 나와  있을 때와 다른  행복한 너의 미소 인정해줄게 너와 그 사람 내가 첫 번째가 아닌 너의 두 번째란 것을 순서는 상관없어 누가 먼전지 그저 같은 마음으로  나도 키스해주면 돼 나에게 넌 소중한 첫 번째  Girl friend 이렇게 난 소소한 두 번째  Secret lover Your boy friend 헤어지라고 매일 기도해 너는 나와 다를 거야  왜냐면 넌 불교니까 같은 영화 두 번 보는 네가 걱정돼 나는 상관 안할테니  결말만은 말하지마 나에게 넌 소중한 첫 번째  Girl friend 이렇게 난 소심한 두 번째  Secret lover 언젠가 날 떠나도 이해해  Girl friend 하지만 우린 영원히 사랑해  Je te promets Secret lover I'm boy friend Secret lover 나도 Boy friend 뚜뚜번 두 번 두 번 두 번째 나는 뭔데 그럼 나는 뭔데 Who am I Tell me baby Hey girl Hey boy Hey girl  Hey boy I love you You are girl friend I'm your boy friend 암요 나는 보이 프렌드에요  암요 아무럼요 누군가 나에게  사랑이 뭐냐고 묻는다면 과연 누가 사랑할 자격이  있나 싶습니다
2011.10.23~10.29,88,3552380,A-CHA,SUPERJUNIOR(슈퍼주니어),`Mr. Simple` The 5th Album Repackage,2011.09.19,Dance,김부민,"마마마라 말아라 제제제발 하지마라  봐봐봐라 봐라 내 눈을 바라 봐  가지마라 가지마 너는 날 떠나지   마라 자꾸 어딜 자꾸 또 가는 척  하지마라 하지마 그런 말 좀   하지마라 맘에 없는 말 딱 접어   지워 비워  흔들리는 건 너의 마음뿐 아슬아슬   매달린 난 사랑의 스파이더  조각조각난 퍼즐 다시 다   맞춰 나갈 수 있어  결국 넌 아차 넌 아차 하게 될걸   꼭 아차 이미 때 늦어  자꾸만 아파 난 아파 왜 모르나 오   미쳐 나 지쳐 네게 갇혀 봐봐봐라 바라봐 오직 너   하나뿐이다 세상 남자들 Huh  비교마라  웃지마라 웃지마 사랑을 비웃지   마라 때론 유치한 내 고백 맘을 열어  회오리 치는 너 토네이도 겁 없이   뛰어든 용감한 동키호테  떠나 보낼 건 내가 아닌 널   삼켜버린 두려움  결국 넌 아차 넌 아차 하게 될걸   꼭 아차 왜 너만 몰라  내 숨이 가빠 또 가빠 가빠온다 또   다쳐 날 바쳐 널 못 놓쳐 Oh My Gosh. 너의 어둠 밝혀  Do It Do It  난 Original Hey, Baby Love Crash  마마마라 말아라 제발 Do Not Break  봐봐봐라 봐라 내 말 좀 잘 들어봐라  결국 넌 아차 넌 아차 하게 될걸   꼭 아차 이미 때 늦어  자꾸만 아파 난 아파 왜 모르나 오   미쳐 나 지쳐 네게 갇혀  결국 넌 아차 넌 아차  꼭 아차 왜 너 하나만 모르니 내 숨이 가빠 또 가빠 돌아서지마  멀어져 가지 마라 결국 넌 아차 넌 아차 꼭 아차  떠나지 마라 자꾸만 아파 난 아파"
2011.10.23~10.29,89,3562113,내 여자 손대지마 (Don`t Touch My Girl),보이프렌드,내 여자 손대지마,2011.10.06,Dance,송수윤,You're my lady You're my lady You're my lady with you 작은게 뭐 어때 짧으면 어때 괜찮아 괜찮아 꽃보단 너야 예쁘다 예쁘다 남들 보다 속눈썹도 길고 똥배도 귀여워 예쁘다 하니 예뻐 졌나봐 괜찮다 하니 바람 났나봐 다가 아냐 Ha 끝난 게 아냐 Ha 헤어진 게 아니야 Hey yo 안 되는게 딱 하나 있어 못 참는게 딱 하나 있어 너잖아 알잖아 투명한 내 여자 손 대지 마 나만 나만 나만 보던 your eyes 속눈썹에 빠져 버린 your man 오는 길 알잖아 나 여기있어 Tic Toc 우리의 시간은 멈추고 고 고 talk talk 단 한 마디만 더 더 원래 없던 것처럼 괜찮은 것처럼 그렇게 난 지낼 수 없어 No No No 웃긴다 하니 장난 치나봐 잘한다 하니 놀래키나 봐 재미 없어 Ha 감동도 없어 Ha 이러는 거 아니야 Hey yo 안 되는게 딱 하나 있어 못 참는게 딱 하나 있어 너잖아 알잖아 투명한 내 여자 손 대지 마 나만 나만 나만 보던 your eyes 속눈썹에 빠져 버린 your man 오는 길 알잖아 나 여기있어 네게 이쁜 거짓말들만 늘어놨더니 거짓말처럼 넌 사라졌잖아 You are my girl 그리움에 또 하루를 지켜  니가 오는 그 날까지 버텨 편히 오게 해 주고 싶어 Hey yo 별 일 없는 척 하고 있어 변함 없는 척 하고 있어 올거라 믿잖아 누구도 내 여자 손 대지 마 나만 나만 나만 보던 your eyes 속눈썹에 빠져 버린 your man 오는 길 알잖아 나 여기있어 She's a liar 안 떠난다 했잖아요 좋았던 것들만 난 기억나요 왜요 그댄 어딘가요 난 여기 있잖아요 떠나지 마요 어떻게 해야 살 수 있나요 가지 마요 날 아프게 하지 마요 가슴이 아파 와 버틸 수가 없잖아요 거짓말 이라고 장난 이었다고 빨리 말해요 제발
2011.10.23~10.29,90,3569457,물레방아 인생 (With 부가킹즈) (조영남),바비킴,[나는 가수다] 경연10-1. `듀엣곡 부르기`,2011.10.09,Dance,조영남,세상만사 둥글둥글  호박 같은 세상 돌고 돌아  정처 없이 이곳에서 저곳으로  기웃기웃 구경이나 하면서  밤이면 이슬에 젖는  나는야 떠돌이  돌고 도는 물레방아 인생  돌고 도는 물레방아 인생  상대는 이미 지친게 확실해  공격이 느릴 때 방심은 금물  힘차게 몰아부처 Say Defense  게임은 아직 안 끝났어 끝까지   최선을 다 해줘  승패와는 상관없어 승패를 떠나   모두에게 함성  발딱 발딱 오뚝이 지치지도 않는지  일곱 번 넘어져도 다시 여덟 번   일어나는 투지  제대로 알고 덤벼 쉽게 봤단   큰코다쳐 뛰어  빈틈이 보여 상대의 심장을 노려   네 회심의 일격을 날려  돌고 돌고 도는 도는  물레방아 인생  돌고 돌고 도는 도는  물레방아 인생  오 오 머리부터 Move Move  손끝으로 목선을 타고 등을 지나   살살 아래로 아래로 더 아래로  I'm going down  난 혀를 날름거리는 독사   내 유혹으로  너를 감싸 안아 우린 날아올라  돌고 도는 내 인생   물레방아 우리 인생  돌고 도는 내 인생   물레방아 우리 인생  세상만사 둥글둥글  호박 같은 세상 돌고 돌아  정처 없이 이곳에서 저곳으로  기웃기웃 구경이나 하면서  밤이면 이슬에 젖는  나는야 떠돌이 돌고 돌고 도는 도는    물레방아 인생  돌고 돌고 도는 도는  물레방아 인생    돌고 돌고 도는 도는    물레방아 인생  돌고 돌고 도는 도는  물레방아 인생    돌고 돌고 도는 도는    물레방아 인생  돌고 돌고 도는 도는  물레방아 인생    물레방아 인생
2011.10.23~10.29,91,3579335,My J,소녀시대(GIRLS`GENERATION),`The Boys` The 3rd Album,2011.10.19,Dance,황성제,사랑하면 예뻐진다는  사람들의 얘기  정말로 맞긴 맞나 봐요 이유 없이 늘 미소 짓고 나도  모르게 닮아가죠 분명 이상해요 부드럽고 때론 진하게 투명하고  살짝 환하게 사랑해요 My J 나의 My J My J  사랑해요 나와 그대와 함께라면요  너무나 행복한걸요 보이나요  나의 마음이 Together 365 매일 그대만 보면 나는 어쩔 줄 몰라  너무나 티가 나게 웃게 돼 어떡해요 나 그대 없인 못살아  My lovely J 걷다가도 누워있어도 나도 몰래  터진 웃음에 한참을 뒹굴죠 그렇게도 내가 바랐던 그대가  내 곁에 있네요 정말 말도 안돼 우아하게 때론 가볍게 씩씩하지만 조금 여리게 보일래요 My J 나의 My J My J  사랑해요 나와 그대와 함께라면요 너무나  행복한걸요 보이나요  나의 마음이 Together 365 매일 그대만 보면 나는 어쩔 줄 몰라  너무나 티가 나게 웃게 돼 어떡해요 나 그대 없인 못살아  사랑해요 이제 우리 어떻게 해요 꿈일까봐  꼬집어봐도 내 앞에 있는 그대 정말 그대 너무  사랑해요 My J 그대와 함께라면요 너무나  행복한걸요 보이나요 나의 마음이  Together 365 매일 그대만 보면 나는 어쩔 줄 몰라  너무나 티가 나게 웃게 돼 어떡해요 나 그대 없인 못살아 My lovely J
2011.10.23~10.29,92,3488750,Hate You,2NE1,2NE1 2nd Mini Album,2011.07.28,Dance,TEDDY,넌 정말 재수없어  널 만날 이유 없어  너 같은 남잔 이세상에 깔렸어  재 재 재 재수없어  단점을 셀 수 없어  참으며 사랑하긴   시간이 너무 아까워  Hate you eheheheheh  I'm fine living without you  I Hate you eheheheheh  I'm fine living without you  너와의 기억은  기다린 기억밖에 없어  난 참고 참고 참아도 끝은 없었어  사랑한단 한마디가 듣고 싶었어  난 무심한 너의 사랑에  난 지쳤어 기분이 더러워  자존심 다 버리고 줬는데 참 서러워  내가 이것밖에 안됐나 난 두려워  사랑이란 두 글자가 이젠 난 무서워  네가 참 우스워  넌 정말 재수없어  널 만날 이유 없어  너 같은 남잔 이 세상에 깔렸어  재 재 재 재수없어  단점을 셀 수 없어  참으며 사랑하긴   시간이 너무 아까워  Hate you eheheheheh  I'm fine living without you  I Hate you eheheheheh  I'm fine living without you  네 입에서 나오는 말은  거짓말이 반 속고 속고  속아도 끝은 없었어  언젠가 너도  너 같은 여잘 만나게 될거야  아파 봐야 그때 넌 내 맘 알거야   기분이 더러워  해피 엔딩의 주인공이란 건 없었어  내가 바보처럼 순진했나  더 잘됐어 지금이라도 널 알았으니  떠나겠어 정말 재수없어  넌 정말 재수없어  널 만날 이유 없어  너 같은 남잔 이 세상에 깔렸어  재 재 재 재수없어  단점을 셀 수 없어  참으며 사랑하긴   시간이 너무 아까워  Hate you eheheheheh  I'm fine living without you  I Hate you eheheheheh  I'm fine living without you  맘이 시원해 속이 후련해 뼈 속 깊은 곳 까지 네 기억 지워내  너무 시원해 속이 후련해 뼈 속 깊은 곳 까지 네 기억 지워내  넌 정말 재수없어 널 만날 이유 없어 너 같은 남잔 이세상에 깔렸어 재 재 재 재수없어 단점을 셀 수 없어 참으며 사랑하긴  시간이 너무 아까워 Hate you eheheheheh I'm fine living without you I Hate you eheheheheh I'm fine living without you
2011.10.23~10.29,93,3579336,Oscar,소녀시대(GIRLS`GENERATION),`The Boys` The 3rd Album,2011.10.19,Dance,김정배,"그 kick이 심장을 막 차 터져버리게 귀 찢을 듯한 하이햇 날카로운데 들뜬 에너자이저 그래 난  싱크로나이저 볼륨 더 크게 올려봐  Come on, boy It's twinkle, twinkle Up in the sky like O S C A R 네가 기다려온 수퍼 스톰  like O S C A R 다 눈이 번쩍 뜨였지  정신없이 중독 됐지 hey hey hey 넌 이미 내 손에 오스카 그 Bass가 모둘 덮쳐 다  할퀴어버려 한 비트 비트 밀려와  앗 타버렸어 들뜬 에너자이저  그래 난  싱크로나이저 주파수 내게 맞춰봐  Come on, boy It's twinkle, twinkle Up in the sky like O S C A R 네가 기다려온 수퍼 스톰 like O S C A R 넌 눈이 부셔 날 보면  간절히 원해 죽도록 hey hey hey 이미 내 손에 오스카 멈추지 않고 갈뿐야 더 멋진 건 또 태어나니까 반짝 반짝 빛나는 걸 원했어 OSCAR 누가 누가 찬란히 빛나니 OSCAR It's twinkling in the sky in the sky 들뜬 에너자이저 그래 난  싱크로나이저 볼륨 더 크게 올려봐  Come on, boy It's twinkle, twinkle Up in the sky like O S C A R 네가 기다려온 수퍼 스톰  like O S C A R 다 눈이 번쩍 뜨였지 정신없이 중독 됐지 hey hey hey 이미 내 손에 오스카 It's twinkle, twinkle Up in the sky like O S C A R 네가 기다려온 수퍼 스톰 like O S C A R 넌 눈이 부셔 날 보면 간절히 원해 죽도록 hey hey hey 이미 내 손에 오스카"
2011.10.23~10.29,94,3585655,봄 여름 가을 겨울 (김현식),인순이,[나는 가수다] 경연10-2. `호주에서 부르고 싶은 노래`,2011.10.23,Dance,,무궁화 삼천리 화려강산  대한사람 대한으로 길이보전하세 봄이 오면 강산에 꽃이 피고  여름이면 꽃들이 만발 하네  가을이면 강산에 단풍들고  겨울이면 아이들의 눈 장난  오  아름다운   오  우리강산  봄 여름 가을 오 겨울 해가 바뀌어도 변하지 않는   아름다운 우리 강산  해가 바뀌어도 변하지 않는   아름다운 우리 강산  봄 여름 가을 겨울 봄이 오면 강산에 꽃이 피고  여름이면 꽃들이 만발 하네  가을이면 강산에 단풍들고  겨울이면 아이들의 눈 장난  오  아름다운   오  우리강산  봄 여름 가을 오 겨울  해가 바뀌어도 변하지 않는   아름다운 우리 강산  해가 바뀌어도 변하지 않는   아름다운 우리 강산  봄 여름 가을 겨울 해가 바뀌어도 변하지 않는  아름다운 우리 강산 해가 바뀌어도 변하지 않는  아름다운 우리 강산 봄 여름 가을 겨울
2011.10.23~10.29,95,3569459,이 밤이 지나면 (With 박기영) (임재범),조규찬,[나는 가수다] 경연10-1. `듀엣곡 부르기`,2011.10.09,Ballad,이지영,불빛만이 가득한 이 밤  그대와 단 둘이 앉아서  그대 모습을 바라보고만 있네 사랑스런 그대 눈가에  슬픈 한 줄기 눈물이 흘러  나의 마음을 아프게만 하는데 이 밤이 지나면  우린 또 다시 헤어져야 하는데  아무런 말없이 이대로  그댈 떠나보내야만 하나  이 밤이 지나면 아무런 말없이 불빛만이 가득한 이 밤  슬픈 이별은 다가오지만  지난 추억에 아름다웠던  그대 모습 사랑해  이별이란 말은 하지마  그대 사랑을 느끼고 싶어  나는 아직도 하고픈 말 많은데 이 밤이 지나면  우린 또 다시 헤어져야 하는데  아무런 말없이  이대로 그댈 떠나보내야만 하나  이 밤이 지나면   그댈 떠나보내야만 하나  이 밤이 지나면   그댈 떠나보내야만 하나   이 밤이 지나면  그댈 떠나보내야만 하나  이 밤이 지나면  그댈 떠나보내야만 하나  이 밤이 지나면  그댈 떠나보내야만 해  이 밤이 지나면  이 밤이 지나면  이 밤이 지나면  우린 또 다시 헤어져야만 하나 아무런 말없이 이대로 나 그댈 떠나보내야만 하나 이 밤이 지나면 그댈 떠나보내야만 하나 아무런 말없이 이 밤이 지나면 그댈 떠나보내야만 하나 그댈 떠나보내야만 하나
2011.10.23~10.29,96,3566254,다음 사람에게는,먼데이키즈(MondayKiz),Nostalgia Part 3-2,2011.10.05,Ballad,강은경,그러지 마요 다음사람에게는  이별의 얘긴 그대가 직접 전해요 이렇게 친굴 대신 보내 비참한  눈물 흘리게 하지마요 그러지 마요 다음사람에게는  그댄 날 함께 있어도 외롭게 했죠 가끔은 내가 아는 그대  정말 맞는지 남보다 멀게 느껴졌죠 그댄 술 취해야만  내가 보고싶다 했죠  나는 그게 싫었던거죠 내가 한 번이라도  생각난 적 있었나요  그대가 기쁜 순간에도 다음 사람에게는  아프게 하지 말아요  난 비록 이렇게 떠나가지만 다음 사랑은 행복하기를 빌어요  그래도 사랑한 그대니까요 그녀의 글씨위로 번져가는  나의 눈물 때문에 그녀의 편지를 더는  읽어 내려갈 수가 없다 하지만 하지만 이 글  마지막 어딘가에라도 그녀가 다시 돌아오겠다는  그 말을 남겨놓았을 것 같아 나는 여기서 편지를 접을 수가 없다 내가 힘들때마다 그댈 기대고  싶어도 그댄 곁에 없었잖아요 항상 그대 주위에  아무도 없을때에만  그제야 날 찾았잖아요 다음 사람에게는  아프게 하지 말아요  난 비록 이렇게 떠나가지만 다음 사랑은 행복하기를 빌어요  그래도 사랑한 그대니까요 돌아와야 해 다시 내게로  이대로 너를 보낼 순 없어 다음 사랑은 내게는 없어 내 다음 사랑은 다시 너 일테니까
2011.10.23~10.29,97,3566429,No No No No No,씨리얼,Round 1,2011.10.12,Ballad,"별들의전쟁,최갑원,용감한형제","Boy you don't understand You will never know Boy, you don't know my heart You ready for this Eeh Eeh Eeh Eeh Eeh Eeh Eeh Eeh Eeh Eeh Eeh Eeh Eeh Eeh Eeh Eeh Eeh Eeh 매일 밤 열 한 시 전화가 꺼진 너 어디서 뭘 하니 나 화가 나 있어 단 둘이 사랑 해 그 말 믿었는데 새끼 손가락에 약속을 했었는데 친구들이 말 해 당장 헤어지라고 너 같은 애는 절대 믿음 안 된다고 그런데 어떡 해 나 정말 왜 이래 친구들보다 난 너를 더 좋아 해 거짓말이 아냐  그래 난 너 없인 바본가 봐 Every day and every night  I think about you 니 목소리 안 들으면 나쁜 꿈을 꿔 널 사랑하지 말 걸  그냥 널 만나지 말 걸 아예 안 만나는 게 나을 걸  하지만 후회는 늦었나 봐 No No No No No  눈물은 No No No No No 아픔은 No No No No No  I hate that I love you so 이별은 하기 싫어 I don't know how to love  너 땜에 울렁울렁 하는 걸 아직은 다 모르겠어  사랑을 잘 하는 법 나 혼자 아퍼 자꾸만  숨이 가뻐 늘 쉽게 상처 받어 그러니깐 내 맘 알아 줘 또 또 널 만나 웃고  또 또 널 기다리다 울고 항상 이랬다 저랬다  모든 게 뒤죽 박죽 니 표정 하나 때문에 내 기분이  Up &amp; Down 거짓말이 아냐  그래 난 너 없인 바본가 봐 Every day and every night  I think about you 니 입술이 안 닿으면 잠을 못 들어 널 사랑하지 말 걸  그냥 널 만나지 말 걸 아예 안 만나는 게 나을 걸  하지만 후회는 늦었나 봐 No No No No No  눈물은 No No No No No 아픔은 No No No No No  I hate that I love you so 이별은 하기 싫어 흐르는 눈물을 닦아 줘  따스하게 나를 감싸 줘 바라는 게 그 뿐인데  왜 그렇게 못 본 척 해 But you know my love  But you know my love 처음처럼 나를 꼭 안아 준다면 매일 얘기 해줄래  내 사랑은 너 뿐이라고 널 사랑하지 말 걸  그냥 널 만나지 말 걸 아예 안 만나는 게 나을 걸  하지만 후회는 늦었나 봐 No No No No No  눈물은 No No No No No 아픔은 No No No No No  I hate that I love you so 이별은 하기 싫어"
2011.10.23~10.29,98,3526967,안아줘요,10cm,안아줘요,2011.08.16,Rock,"윤철종,권정열",비 오는 날 어느 그날 밤 같은 우산 아래 약속한 주기로 했던 거 잊었나요 힘이 들고 어지러운 날 내가 비틀비틀 거리면 주기로 했던 거 잊었나요 줘요 주세요 지금 달라니까요 줘요 주세요 그냥 달라니까요 안아줘요 안아줘요 안아줘요 안아달라니까요 안아줘요 안아줘요 안아줘요 안아달라니까요 출근부터 퇴근 때까지 나를 미워하는 상사의 싫은 소릴 줄창 들었어요 울음보가 터지기 전에 커피 한잔 하고 싶은데 불러낼 사람 하나 없어요 줘요 주세요 지금 달라니까요 줘요 주세요 그냥 달라니까요 안아줘요 안아줘요 안아줘요 안아달라니까요 안아줘요 안아줘요 안아줘요 안아달라니까요 허리가 끊어지도록 쇄골이 부서지도록 뒷목이 뻐근하도록 온몸이 빨개지도록 안아 안아 안아 달라니까요 안아 안아 안아 달라니까요 안아 안아 안아 달라니까요 안아 안아
2011.10.23~10.29,99,3584506,툭툭 털어 (with 김병만),박상민,툭툭 털어,2011.10.22,Dance,홍진영,세상을 향해 크게 웃어봐  희망을 향해 힘껏 뛰어봐 친구야 툭툭 털고 일어나  내 꿈을 향해 맘껏 날아봐 내가 많이 힘들고 지칠 때  누가 내 손을 잡아 줄까요 저기 끝이 없는 어둠 속  누가 나의 빛이 되어 줄까요 때론 절망 속에 빠져 슬플 때  누가 내 손을 잡아 줄까요 저기 모두를 위한 등대처럼  그대가 내 곁을 지켜주오 한번쯤 넘어지고 부딪히고 가끔 주저앉고 싶을 때도 있는 거야 사는 게 내 뜻대로 된다면야  좋겠지만 누구나 살다보면  실패도 할 수 있는 거야 친구야 툭툭 털고 일어나  내가 있잖아 우리는 친구 우리에겐  아직 꿈이 있잖아 내가 많이 힘들고 지칠 때  누가 내 손을 잡아 줄까요 저기 끝이 없는 어둠 속  누가 나의 빛이 되어 줄까요 때론 절망 속에 빠져 슬플 때  누가 내 손을 잡아 줄까요 저기 모두를 위한 등대처럼  그대가 내 곁을 지켜주오 세상을 향해 크게 웃어봐  희망을 향해 힘껏 뛰어봐 친구야 툭툭 털고 일어나  내 꿈을 향해 맘껏 날아봐 한번쯤 실수 할 수 있는 거야 가끔 내려놓고 싶을 때도 있는 거야 사는 게 내 뜻대로 된다면야  좋겠지만 누구나 살다보면  실패도 할 수 있는 거야 친구야 툭툭 털고 일어나  내가 있잖아 우리는 친구 우리에겐  아직 꿈이 있잖아 내가 많이 힘들고 지칠 때  누가 내 손을 잡아 줄까요 저기 끝이 없는 어둠 속  누가 나의 빛이 되어 줄까요 때론 절망 속에 빠져 슬플 때  누가 내 손을 잡아 줄까요 저기 모두를 위한 등대처럼  그대가 내 곁을 지켜주오 내가 많이 힘들고 지칠 때  누가 내 손을 잡아 줄까요 저기 끝이 없는 어둠 속  누가 나의 빛이 되어 줄까요 때론 절망 속에 빠져 슬플 때  누가 내 손을 잡아 줄까요 저기 모두를 위한 등대처럼  그대가 내 곁을 지켜주오 세상을 향해 크게 웃어봐  희망을 향해 힘껏 뛰어봐 친구야 툭툭 털고 일어나  내 꿈을 향해 맘껏 날아봐 세상을 향해 크게 웃어봐  희망을 향해 힘껏 뛰어봐 친구야 툭툭 털고 일어나  내 꿈을 향해 맘껏 날아봐
2011.10.23~10.29,100,3573818,이젠 그랬으면 좋겠네,손예림,슈퍼스타K3 SPECIAL,2011.10.13,Ballad,박주연,나는 떠날 때부터  다시 돌아올걸 알았지 눈에 익은 이자리  편히 쉴 수 있는 곳 많은 것을 찾아서 멀리만 떠났지 난 어디 서 있었는지 하늘 높이 날아서 별을 안고 싶어 소중한 건 모두 잊고 산 건 아니었나 이젠 그랬으면 좋겠네 그대 그늘에서 지친 마음 아물게 해 소중한 건 옆에 있다고 먼길 떠나려는 사람에게 말했으면 너를 보낼 때부터  다시 돌아올걸 알았지 손에 익은 물건들  편히 잘 수 있는 곳 숨고 싶어 헤매던 세월을 딛고서 넌 무얼 느껴왔는지 하늘 높이 날아서 별을 안고 싶어 소중한 건 모두 잊고 산 건 아니었나 이젠 그랬으면 좋겠네 그대 그늘에서 지친 마음 아물게 해 소중한건 옆에 있다고 먼길 떠나려는 사람에게 말했으면 이젠 그랬으면 좋겠네 이젠 그랬으면 좋겠네 그대 그늘에서 지친 마음 아물게 해 소중한 건 옆에 있다고 먼 길 떠나려는 사람에게 말했으면 사람에게 말했으면
